"region","arbetsställets sektortillhörighet","2017"
"0114 Upplands Väsby","primärkommunal förvaltning",2208
"0114 Upplands Väsby","landsting",541
"0114 Upplands Väsby","kommunalt ägda företag och organisationer",497
"0115 Vallentuna","primärkommunal förvaltning",1961
"0115 Vallentuna","landsting",297
"0115 Vallentuna","kommunalt ägda företag och organisationer",444
"0117 Österåker","primärkommunal förvaltning",2488
"0117 Österåker","landsting",338
"0117 Österåker","kommunalt ägda företag och organisationer",639
"0120 Värmdö","primärkommunal förvaltning",2964
"0120 Värmdö","landsting",405
"0120 Värmdö","kommunalt ägda företag och organisationer",404
"0123 Järfälla","primärkommunal förvaltning",5342
"0123 Järfälla","landsting",1049
"0123 Järfälla","kommunalt ägda företag och organisationer",639
"0125 Ekerö","primärkommunal förvaltning",1605
"0125 Ekerö","landsting",310
"0125 Ekerö","kommunalt ägda företag och organisationer",242
"0126 Huddinge","primärkommunal förvaltning",6730
"0126 Huddinge","landsting",2236
"0126 Huddinge","kommunalt ägda företag och organisationer",1124
"0127 Botkyrka","primärkommunal förvaltning",6694
"0127 Botkyrka","landsting",1683
"0127 Botkyrka","kommunalt ägda företag och organisationer",811
"0128 Salem","primärkommunal förvaltning",1252
"0128 Salem","landsting",328
"0128 Salem","kommunalt ägda företag och organisationer",215
"0136 Haninge","primärkommunal förvaltning",5683
"0136 Haninge","landsting",952
"0136 Haninge","kommunalt ägda företag och organisationer",855
"0138 Tyresö","primärkommunal förvaltning",3087
"0138 Tyresö","landsting",521
"0138 Tyresö","kommunalt ägda företag och organisationer",537
"0139 Upplands-Bro","primärkommunal förvaltning",2119
"0139 Upplands-Bro","landsting",350
"0139 Upplands-Bro","kommunalt ägda företag och organisationer",226
"0140 Nykvarn","primärkommunal förvaltning",813
"0140 Nykvarn","landsting",116
"0140 Nykvarn","kommunalt ägda företag och organisationer",250
"0160 Täby","primärkommunal förvaltning",2391
"0160 Täby","landsting",759
"0160 Täby","kommunalt ägda företag och organisationer",803
"0162 Danderyd","primärkommunal förvaltning",759
"0162 Danderyd","landsting",379
"0162 Danderyd","kommunalt ägda företag och organisationer",425
"0163 Sollentuna","primärkommunal förvaltning",2697
"0163 Sollentuna","landsting",1039
"0163 Sollentuna","kommunalt ägda företag och organisationer",1065
"0180 Stockholm","primärkommunal förvaltning",47042
"0180 Stockholm","landsting",15226
"0180 Stockholm","kommunalt ägda företag och organisationer",10167
"0181 Södertälje","primärkommunal förvaltning",6533
"0181 Södertälje","landsting",859
"0181 Södertälje","kommunalt ägda företag och organisationer",1467
"0182 Nacka","primärkommunal förvaltning",4568
"0182 Nacka","landsting",1202
"0182 Nacka","kommunalt ägda företag och organisationer",1038
"0183 Sundbyberg","primärkommunal förvaltning",2651
"0183 Sundbyberg","landsting",836
"0183 Sundbyberg","kommunalt ägda företag och organisationer",530
"0184 Solna","primärkommunal förvaltning",3225
"0184 Solna","landsting",1739
"0184 Solna","kommunalt ägda företag och organisationer",851
"0186 Lidingö","primärkommunal förvaltning",2070
"0186 Lidingö","landsting",479
"0186 Lidingö","kommunalt ägda företag och organisationer",321
"0187 Vaxholm","primärkommunal förvaltning",588
"0187 Vaxholm","landsting",97
"0187 Vaxholm","kommunalt ägda företag och organisationer",143
"0188 Norrtälje","primärkommunal förvaltning",2687
"0188 Norrtälje","landsting",222
"0188 Norrtälje","kommunalt ägda företag och organisationer",3022
"0191 Sigtuna","primärkommunal förvaltning",3047
"0191 Sigtuna","landsting",434
"0191 Sigtuna","kommunalt ägda företag och organisationer",298
"0192 Nynäshamn","primärkommunal förvaltning",2450
"0192 Nynäshamn","landsting",177
"0192 Nynäshamn","kommunalt ägda företag och organisationer",297
"0305 Håbo","primärkommunal förvaltning",1681
"0305 Håbo","landsting",230
"0305 Håbo","kommunalt ägda företag och organisationer",143
"0319 Älvkarleby","primärkommunal förvaltning",944
"0319 Älvkarleby","landsting",145
"0319 Älvkarleby","kommunalt ägda företag och organisationer",117
"0330 Knivsta","primärkommunal förvaltning",1139
"0330 Knivsta","landsting",452
"0330 Knivsta","kommunalt ägda företag och organisationer",147
"0331 Heby","primärkommunal förvaltning",1276
"0331 Heby","landsting",278
"0331 Heby","kommunalt ägda företag och organisationer",112
"0360 Tierp","primärkommunal förvaltning",2092
"0360 Tierp","landsting",468
"0360 Tierp","kommunalt ägda företag och organisationer",206
"0380 Uppsala","primärkommunal förvaltning",15261
"0380 Uppsala","landsting",9737
"0380 Uppsala","kommunalt ägda företag och organisationer",1664
"0381 Enköping","primärkommunal förvaltning",4060
"0381 Enköping","landsting",1017
"0381 Enköping","kommunalt ägda företag och organisationer",241
"0382 Östhammar","primärkommunal förvaltning",2192
"0382 Östhammar","landsting",366
"0382 Östhammar","kommunalt ägda företag och organisationer",77
"0428 Vingåker","primärkommunal förvaltning",1028
"0428 Vingåker","landsting",230
"0428 Vingåker","kommunalt ägda företag och organisationer",112
"0461 Gnesta","primärkommunal förvaltning",1121
"0461 Gnesta","landsting",141
"0461 Gnesta","kommunalt ägda företag och organisationer",149
"0480 Nyköping","primärkommunal förvaltning",5079
"0480 Nyköping","landsting",1799
"0480 Nyköping","kommunalt ägda företag och organisationer",581
"0481 Oxelösund","primärkommunal förvaltning",1202
"0481 Oxelösund","landsting",175
"0481 Oxelösund","kommunalt ägda företag och organisationer",240
"0482 Flen","primärkommunal förvaltning",1686
"0482 Flen","landsting",207
"0482 Flen","kommunalt ägda företag och organisationer",145
"0483 Katrineholm","primärkommunal förvaltning",3691
"0483 Katrineholm","landsting",1065
"0483 Katrineholm","kommunalt ägda företag och organisationer",342
"0484 Eskilstuna","primärkommunal förvaltning",10311
"0484 Eskilstuna","landsting",2943
"0484 Eskilstuna","kommunalt ägda företag och organisationer",1529
"0486 Strängnäs","primärkommunal förvaltning",3065
"0486 Strängnäs","landsting",527
"0486 Strängnäs","kommunalt ägda företag och organisationer",447
"0488 Trosa","primärkommunal förvaltning",1064
"0488 Trosa","landsting",151
"0488 Trosa","kommunalt ägda företag och organisationer",143
"0509 Ödeshög","primärkommunal förvaltning",497
"0509 Ödeshög","landsting",58
"0509 Ödeshög","kommunalt ägda företag och organisationer",69
"0512 Ydre","primärkommunal förvaltning",443
"0512 Ydre","landsting",61
"0512 Ydre","kommunalt ägda företag och organisationer",13
"0513 Kinda","primärkommunal förvaltning",1056
"0513 Kinda","landsting",189
"0513 Kinda","kommunalt ägda företag och organisationer",63
"0560 Boxholm","primärkommunal förvaltning",621
"0560 Boxholm","landsting",71
"0560 Boxholm","kommunalt ägda företag och organisationer",55
"0561 Åtvidaberg","primärkommunal förvaltning",1087
"0561 Åtvidaberg","landsting",260
"0561 Åtvidaberg","kommunalt ägda företag och organisationer",51
"0562 Finspång","primärkommunal förvaltning",2315
"0562 Finspång","landsting",317
"0562 Finspång","kommunalt ägda företag och organisationer",98
"0563 Valdemarsvik","primärkommunal förvaltning",889
"0563 Valdemarsvik","landsting",78
"0563 Valdemarsvik","kommunalt ägda företag och organisationer",25
"0580 Linköping","primärkommunal förvaltning",10821
"0580 Linköping","landsting",7041
"0580 Linköping","kommunalt ägda företag och organisationer",1335
"0581 Norrköping","primärkommunal förvaltning",12899
"0581 Norrköping","landsting",3383
"0581 Norrköping","kommunalt ägda företag och organisationer",1171
"0582 Söderköping","primärkommunal förvaltning",1434
"0582 Söderköping","landsting",324
"0582 Söderköping","kommunalt ägda företag och organisationer",122
"0583 Motala","primärkommunal förvaltning",4629
"0583 Motala","landsting",1236
"0583 Motala","kommunalt ägda företag och organisationer",195
"0584 Vadstena","primärkommunal förvaltning",769
"0584 Vadstena","landsting",227
"0584 Vadstena","kommunalt ägda företag och organisationer",44
"0586 Mjölby","primärkommunal förvaltning",2680
"0586 Mjölby","landsting",627
"0586 Mjölby","kommunalt ägda företag och organisationer",192
"0604 Aneby","primärkommunal förvaltning",828
"0604 Aneby","landsting",150
"0604 Aneby","kommunalt ägda företag och organisationer",48
"0617 Gnosjö","primärkommunal förvaltning",890
"0617 Gnosjö","landsting",126
"0617 Gnosjö","kommunalt ägda företag och organisationer",39
"0642 Mullsjö","primärkommunal förvaltning",756
"0642 Mullsjö","landsting",151
"0642 Mullsjö","kommunalt ägda företag och organisationer",31
"0643 Habo","primärkommunal förvaltning",1307
"0643 Habo","landsting",364
"0643 Habo","kommunalt ägda företag och organisationer",53
"0662 Gislaved","primärkommunal förvaltning",2852
"0662 Gislaved","landsting",366
"0662 Gislaved","kommunalt ägda företag och organisationer",117
"0665 Vaggeryd","primärkommunal förvaltning",1383
"0665 Vaggeryd","landsting",325
"0665 Vaggeryd","kommunalt ägda företag och organisationer",70
"0680 Jönköping","primärkommunal förvaltning",13726
"0680 Jönköping","landsting",5640
"0680 Jönköping","kommunalt ägda företag och organisationer",784
"0682 Nässjö","primärkommunal förvaltning",3633
"0682 Nässjö","landsting",791
"0682 Nässjö","kommunalt ägda företag och organisationer",215
"0683 Värnamo","primärkommunal förvaltning",3569
"0683 Värnamo","landsting",1315
"0683 Värnamo","kommunalt ägda företag och organisationer",123
"0684 Sävsjö","primärkommunal förvaltning",1432
"0684 Sävsjö","landsting",200
"0684 Sävsjö","kommunalt ägda företag och organisationer",60
"0685 Vetlanda","primärkommunal förvaltning",3028
"0685 Vetlanda","landsting",356
"0685 Vetlanda","kommunalt ägda företag och organisationer",181
"0686 Eksjö","primärkommunal förvaltning",2080
"0686 Eksjö","landsting",913
"0686 Eksjö","kommunalt ägda företag och organisationer",185
"0687 Tranås","primärkommunal förvaltning",2066
"0687 Tranås","landsting",229
"0687 Tranås","kommunalt ägda företag och organisationer",86
"0760 Uppvidinge","primärkommunal förvaltning",941
"0760 Uppvidinge","landsting",125
"0760 Uppvidinge","kommunalt ägda företag och organisationer",68
"0761 Lessebo","primärkommunal förvaltning",963
"0761 Lessebo","landsting",165
"0761 Lessebo","kommunalt ägda företag och organisationer",51
"0763 Tingsryd","primärkommunal förvaltning",1324
"0763 Tingsryd","landsting",224
"0763 Tingsryd","kommunalt ägda företag och organisationer",72
"0764 Alvesta","primärkommunal förvaltning",2149
"0764 Alvesta","landsting",464
"0764 Alvesta","kommunalt ägda företag och organisationer",183
"0765 Älmhult","primärkommunal förvaltning",1519
"0765 Älmhult","landsting",100
"0765 Älmhult","kommunalt ägda företag och organisationer",33
"0767 Markaryd","primärkommunal förvaltning",1006
"0767 Markaryd","landsting",74
"0767 Markaryd","kommunalt ägda företag och organisationer",7
"0780 Växjö","primärkommunal förvaltning",8977
"0780 Växjö","landsting",4202
"0780 Växjö","kommunalt ägda företag och organisationer",673
"0781 Ljungby","primärkommunal förvaltning",3209
"0781 Ljungby","landsting",860
"0781 Ljungby","kommunalt ägda företag och organisationer",104
"0821 Högsby","primärkommunal förvaltning",742
"0821 Högsby","landsting",83
"0821 Högsby","kommunalt ägda företag och organisationer",30
"0834 Torsås","primärkommunal förvaltning",800
"0834 Torsås","landsting",163
"0834 Torsås","kommunalt ägda företag och organisationer",71
"0840 Mörbylånga","primärkommunal förvaltning",1595
"0840 Mörbylånga","landsting",467
"0840 Mörbylånga","kommunalt ägda företag och organisationer",250
"0860 Hultsfred","primärkommunal förvaltning",1587
"0860 Hultsfred","landsting",123
"0860 Hultsfred","kommunalt ägda företag och organisationer",101
"0861 Mönsterås","primärkommunal förvaltning",1525
"0861 Mönsterås","landsting",276
"0861 Mönsterås","kommunalt ägda företag och organisationer",94
"0862 Emmaboda","primärkommunal förvaltning",1027
"0862 Emmaboda","landsting",112
"0862 Emmaboda","kommunalt ägda företag och organisationer",77
"0880 Kalmar","primärkommunal förvaltning",6889
"0880 Kalmar","landsting",3007
"0880 Kalmar","kommunalt ägda företag och organisationer",943
"0881 Nybro","primärkommunal förvaltning",2194
"0881 Nybro","landsting",361
"0881 Nybro","kommunalt ägda företag och organisationer",130
"0882 Oskarshamn","primärkommunal förvaltning",2661
"0882 Oskarshamn","landsting",760
"0882 Oskarshamn","kommunalt ägda företag och organisationer",163
"0883 Västervik","primärkommunal förvaltning",3848
"0883 Västervik","landsting",1828
"0883 Västervik","kommunalt ägda företag och organisationer",364
"0884 Vimmerby","primärkommunal förvaltning",1700
"0884 Vimmerby","landsting",248
"0884 Vimmerby","kommunalt ägda företag och organisationer",100
"0885 Borgholm","primärkommunal förvaltning",1135
"0885 Borgholm","landsting",159
"0885 Borgholm","kommunalt ägda företag och organisationer",164
"0980 Gotland","primärkommunal förvaltning",7217
"0980 Gotland","landsting",37
"0980 Gotland","kommunalt ägda företag och organisationer",160
"1060 Olofström","primärkommunal förvaltning",1439
"1060 Olofström","landsting",113
"1060 Olofström","kommunalt ägda företag och organisationer",156
"1080 Karlskrona","primärkommunal förvaltning",6720
"1080 Karlskrona","landsting",3247
"1080 Karlskrona","kommunalt ägda företag och organisationer",492
"1081 Ronneby","primärkommunal förvaltning",3106
"1081 Ronneby","landsting",626
"1081 Ronneby","kommunalt ägda företag och organisationer",352
"1082 Karlshamn","primärkommunal förvaltning",3691
"1082 Karlshamn","landsting",976
"1082 Karlshamn","kommunalt ägda företag och organisationer",438
"1083 Sölvesborg","primärkommunal förvaltning",1973
"1083 Sölvesborg","landsting",282
"1083 Sölvesborg","kommunalt ägda företag och organisationer",349
"1214 Svalöv","primärkommunal förvaltning",1433
"1214 Svalöv","landsting",261
"1214 Svalöv","kommunalt ägda företag och organisationer",96
"1230 Staffanstorp","primärkommunal förvaltning",1839
"1230 Staffanstorp","landsting",790
"1230 Staffanstorp","kommunalt ägda företag och organisationer",165
"1231 Burlöv","primärkommunal förvaltning",1468
"1231 Burlöv","landsting",395
"1231 Burlöv","kommunalt ägda företag och organisationer",116
"1233 Vellinge","primärkommunal förvaltning",1904
"1233 Vellinge","landsting",768
"1233 Vellinge","kommunalt ägda företag och organisationer",233
"1256 Östra Göinge","primärkommunal förvaltning",1403
"1256 Östra Göinge","landsting",228
"1256 Östra Göinge","kommunalt ägda företag och organisationer",91
"1257 Örkelljunga","primärkommunal förvaltning",985
"1257 Örkelljunga","landsting",96
"1257 Örkelljunga","kommunalt ägda företag och organisationer",29
"1260 Bjuv","primärkommunal förvaltning",1384
"1260 Bjuv","landsting",169
"1260 Bjuv","kommunalt ägda företag och organisationer",90
"1261 Kävlinge","primärkommunal förvaltning",2632
"1261 Kävlinge","landsting",846
"1261 Kävlinge","kommunalt ägda företag och organisationer",243
"1262 Lomma","primärkommunal förvaltning",1567
"1262 Lomma","landsting",768
"1262 Lomma","kommunalt ägda företag och organisationer",159
"1263 Svedala","primärkommunal förvaltning",2032
"1263 Svedala","landsting",516
"1263 Svedala","kommunalt ägda företag och organisationer",140
"1264 Skurup","primärkommunal förvaltning",1642
"1264 Skurup","landsting",306
"1264 Skurup","kommunalt ägda företag och organisationer",95
"1265 Sjöbo","primärkommunal förvaltning",1860
"1265 Sjöbo","landsting",350
"1265 Sjöbo","kommunalt ägda företag och organisationer",168
"1266 Hörby","primärkommunal förvaltning",1533
"1266 Hörby","landsting",303
"1266 Hörby","kommunalt ägda företag och organisationer",80
"1267 Höör","primärkommunal förvaltning",1690
"1267 Höör","landsting",390
"1267 Höör","kommunalt ägda företag och organisationer",144
"1270 Tomelilla","primärkommunal förvaltning",1082
"1270 Tomelilla","landsting",174
"1270 Tomelilla","kommunalt ägda företag och organisationer",51
"1272 Bromölla","primärkommunal förvaltning",1256
"1272 Bromölla","landsting",216
"1272 Bromölla","kommunalt ägda företag och organisationer",196
"1273 Osby","primärkommunal förvaltning",1463
"1273 Osby","landsting",92
"1273 Osby","kommunalt ägda företag och organisationer",60
"1275 Perstorp","primärkommunal förvaltning",764
"1275 Perstorp","landsting",50
"1275 Perstorp","kommunalt ägda företag och organisationer",25
"1276 Klippan","primärkommunal förvaltning",1736
"1276 Klippan","landsting",192
"1276 Klippan","kommunalt ägda företag och organisationer",103
"1277 Åstorp","primärkommunal förvaltning",1288
"1277 Åstorp","landsting",196
"1277 Åstorp","kommunalt ägda företag och organisationer",117
"1278 Båstad","primärkommunal förvaltning",1231
"1278 Båstad","landsting",190
"1278 Båstad","kommunalt ägda företag och organisationer",65
"1280 Malmö","primärkommunal förvaltning",26517
"1280 Malmö","landsting",9104
"1280 Malmö","kommunalt ägda företag och organisationer",2081
"1281 Lund","primärkommunal förvaltning",8924
"1281 Lund","landsting",5791
"1281 Lund","kommunalt ägda företag och organisationer",754
"1282 Landskrona","primärkommunal förvaltning",4341
"1282 Landskrona","landsting",843
"1282 Landskrona","kommunalt ägda företag och organisationer",289
"1283 Helsingborg","primärkommunal förvaltning",10127
"1283 Helsingborg","landsting",3736
"1283 Helsingborg","kommunalt ägda företag och organisationer",1344
"1284 Höganäs","primärkommunal förvaltning",1751
"1284 Höganäs","landsting",478
"1284 Höganäs","kommunalt ägda företag och organisationer",173
"1285 Eslöv","primärkommunal förvaltning",3387
"1285 Eslöv","landsting",815
"1285 Eslöv","kommunalt ägda företag och organisationer",256
"1286 Ystad","primärkommunal förvaltning",2960
"1286 Ystad","landsting",912
"1286 Ystad","kommunalt ägda företag och organisationer",210
"1287 Trelleborg","primärkommunal förvaltning",4433
"1287 Trelleborg","landsting",1076
"1287 Trelleborg","kommunalt ägda företag och organisationer",309
"1290 Kristianstad","primärkommunal förvaltning",8509
"1290 Kristianstad","landsting",3123
"1290 Kristianstad","kommunalt ägda företag och organisationer",639
"1291 Simrishamn","primärkommunal förvaltning",1724
"1291 Simrishamn","landsting",230
"1291 Simrishamn","kommunalt ägda företag och organisationer",91
"1292 Ängelholm","primärkommunal förvaltning",3648
"1292 Ängelholm","landsting",1131
"1292 Ängelholm","kommunalt ägda företag och organisationer",275
"1293 Hässleholm","primärkommunal förvaltning",5825
"1293 Hässleholm","landsting",1155
"1293 Hässleholm","kommunalt ägda företag och organisationer",258
"1315 Hylte","primärkommunal förvaltning",1154
"1315 Hylte","landsting",107
"1315 Hylte","kommunalt ägda företag och organisationer",39
"1380 Halmstad","primärkommunal förvaltning",10223
"1380 Halmstad","landsting",3701
"1380 Halmstad","kommunalt ägda företag och organisationer",640
"1381 Laholm","primärkommunal förvaltning",2674
"1381 Laholm","landsting",401
"1381 Laholm","kommunalt ägda företag och organisationer",154
"1382 Falkenberg","primärkommunal förvaltning",3455
"1382 Falkenberg","landsting",819
"1382 Falkenberg","kommunalt ägda företag och organisationer",411
"1383 Varberg","primärkommunal förvaltning",5414
"1383 Varberg","landsting",2362
"1383 Varberg","kommunalt ägda företag och organisationer",563
"1384 Kungsbacka","primärkommunal förvaltning",7330
"1384 Kungsbacka","landsting",2046
"1384 Kungsbacka","kommunalt ägda företag och organisationer",675
"1401 Härryda","primärkommunal förvaltning",3283
"1401 Härryda","landsting",1084
"1401 Härryda","kommunalt ägda företag och organisationer",400
"1402 Partille","primärkommunal förvaltning",3324
"1402 Partille","landsting",1387
"1402 Partille","kommunalt ägda företag och organisationer",473
"1407 Öckerö","primärkommunal förvaltning",1396
"1407 Öckerö","landsting",256
"1407 Öckerö","kommunalt ägda företag och organisationer",94
"1415 Stenungsund","primärkommunal förvaltning",2624
"1415 Stenungsund","landsting",564
"1415 Stenungsund","kommunalt ägda företag och organisationer",243
"1419 Tjörn","primärkommunal förvaltning",1695
"1419 Tjörn","landsting",320
"1419 Tjörn","kommunalt ägda företag och organisationer",186
"1421 Orust","primärkommunal förvaltning",1617
"1421 Orust","landsting",238
"1421 Orust","kommunalt ägda företag och organisationer",88
"1427 Sotenäs","primärkommunal förvaltning",1005
"1427 Sotenäs","landsting",117
"1427 Sotenäs","kommunalt ägda företag och organisationer",85
"1430 Munkedal","primärkommunal förvaltning",1260
"1430 Munkedal","landsting",207
"1430 Munkedal","kommunalt ägda företag och organisationer",74
"1435 Tanum","primärkommunal förvaltning",1521
"1435 Tanum","landsting",189
"1435 Tanum","kommunalt ägda företag och organisationer",44
"1438 Dals-Ed","primärkommunal förvaltning",624
"1438 Dals-Ed","landsting",64
"1438 Dals-Ed","kommunalt ägda företag och organisationer",10
"1439 Färgelanda","primärkommunal förvaltning",718
"1439 Färgelanda","landsting",180
"1439 Färgelanda","kommunalt ägda företag och organisationer",61
"1440 Ale","primärkommunal förvaltning",3047
"1440 Ale","landsting",691
"1440 Ale","kommunalt ägda företag och organisationer",336
"1441 Lerum","primärkommunal förvaltning",3781
"1441 Lerum","landsting",1217
"1441 Lerum","kommunalt ägda företag och organisationer",441
"1442 Vårgårda","primärkommunal förvaltning",1322
"1442 Vårgårda","landsting",293
"1442 Vårgårda","kommunalt ägda företag och organisationer",49
"1443 Bollebygd","primärkommunal förvaltning",932
"1443 Bollebygd","landsting",246
"1443 Bollebygd","kommunalt ägda företag och organisationer",81
"1444 Grästorp","primärkommunal förvaltning",755
"1444 Grästorp","landsting",98
"1444 Grästorp","kommunalt ägda företag och organisationer",26
"1445 Essunga","primärkommunal förvaltning",674
"1445 Essunga","landsting",77
"1445 Essunga","kommunalt ägda företag och organisationer",30
"1446 Karlsborg","primärkommunal förvaltning",756
"1446 Karlsborg","landsting",130
"1446 Karlsborg","kommunalt ägda företag och organisationer",45
"1447 Gullspång","primärkommunal förvaltning",651
"1447 Gullspång","landsting",51
"1447 Gullspång","kommunalt ägda företag och organisationer",31
"1452 Tranemo","primärkommunal förvaltning",1331
"1452 Tranemo","landsting",147
"1452 Tranemo","kommunalt ägda företag och organisationer",51
"1460 Bengtsfors","primärkommunal förvaltning",1201
"1460 Bengtsfors","landsting",115
"1460 Bengtsfors","kommunalt ägda företag och organisationer",93
"1461 Mellerud","primärkommunal förvaltning",1253
"1461 Mellerud","landsting",136
"1461 Mellerud","kommunalt ägda företag och organisationer",48
"1462 Lilla Edet","primärkommunal förvaltning",1463
"1462 Lilla Edet","landsting",225
"1462 Lilla Edet","kommunalt ägda företag och organisationer",156
"1463 Mark","primärkommunal förvaltning",4018
"1463 Mark","landsting",749
"1463 Mark","kommunalt ägda företag och organisationer",265
"1465 Svenljunga","primärkommunal förvaltning",1187
"1465 Svenljunga","landsting",176
"1465 Svenljunga","kommunalt ägda företag och organisationer",56
"1466 Herrljunga","primärkommunal förvaltning",1040
"1466 Herrljunga","landsting",167
"1466 Herrljunga","kommunalt ägda företag och organisationer",65
"1470 Vara","primärkommunal förvaltning",1661
"1470 Vara","landsting",226
"1470 Vara","kommunalt ägda företag och organisationer",42
"1471 Götene","primärkommunal förvaltning",1426
"1471 Götene","landsting",248
"1471 Götene","kommunalt ägda företag och organisationer",76
"1472 Tibro","primärkommunal förvaltning",1201
"1472 Tibro","landsting",207
"1472 Tibro","kommunalt ägda företag och organisationer",59
"1473 Töreboda","primärkommunal förvaltning",1125
"1473 Töreboda","landsting",173
"1473 Töreboda","kommunalt ägda företag och organisationer",29
"1480 Göteborg","primärkommunal förvaltning",44852
"1480 Göteborg","landsting",17809
"1480 Göteborg","kommunalt ägda företag och organisationer",6662
"1481 Mölndal","primärkommunal förvaltning",5597
"1481 Mölndal","landsting",2607
"1481 Mölndal","kommunalt ägda företag och organisationer",734
"1482 Kungälv","primärkommunal förvaltning",4119
"1482 Kungälv","landsting",1320
"1482 Kungälv","kommunalt ägda företag och organisationer",473
"1484 Lysekil","primärkommunal förvaltning",1835
"1484 Lysekil","landsting",221
"1484 Lysekil","kommunalt ägda företag och organisationer",177
"1485 Uddevalla","primärkommunal förvaltning",6332
"1485 Uddevalla","landsting",2286
"1485 Uddevalla","kommunalt ägda företag och organisationer",680
"1486 Strömstad","primärkommunal förvaltning",1300
"1486 Strömstad","landsting",86
"1486 Strömstad","kommunalt ägda företag och organisationer",58
"1487 Vänersborg","primärkommunal förvaltning",4314
"1487 Vänersborg","landsting",1856
"1487 Vänersborg","kommunalt ägda företag och organisationer",539
"1488 Trollhättan","primärkommunal förvaltning",6101
"1488 Trollhättan","landsting",2113
"1488 Trollhättan","kommunalt ägda företag och organisationer",861
"1489 Alingsås","primärkommunal förvaltning",4140
"1489 Alingsås","landsting",1480
"1489 Alingsås","kommunalt ägda företag och organisationer",320
"1490 Borås","primärkommunal förvaltning",10836
"1490 Borås","landsting",4056
"1490 Borås","kommunalt ägda företag och organisationer",891
"1491 Ulricehamn","primärkommunal förvaltning",2587
"1491 Ulricehamn","landsting",444
"1491 Ulricehamn","kommunalt ägda företag och organisationer",165
"1492 Åmål","primärkommunal förvaltning",1677
"1492 Åmål","landsting",132
"1492 Åmål","kommunalt ägda företag och organisationer",98
"1493 Mariestad","primärkommunal förvaltning",2845
"1493 Mariestad","landsting",763
"1493 Mariestad","kommunalt ägda företag och organisationer",181
"1494 Lidköping","primärkommunal förvaltning",4854
"1494 Lidköping","landsting",1102
"1494 Lidköping","kommunalt ägda företag och organisationer",253
"1495 Skara","primärkommunal förvaltning",2033
"1495 Skara","landsting",417
"1495 Skara","kommunalt ägda företag och organisationer",119
"1496 Skövde","primärkommunal förvaltning",5398
"1496 Skövde","landsting",2795
"1496 Skövde","kommunalt ägda företag och organisationer",376
"1497 Hjo","primärkommunal förvaltning",1102
"1497 Hjo","landsting",209
"1497 Hjo","kommunalt ägda företag och organisationer",55
"1498 Tidaholm","primärkommunal förvaltning",1453
"1498 Tidaholm","landsting",227
"1498 Tidaholm","kommunalt ägda företag och organisationer",42
"1499 Falköping","primärkommunal förvaltning",3501
"1499 Falköping","landsting",852
"1499 Falköping","kommunalt ägda företag och organisationer",101
"1715 Kil","primärkommunal förvaltning",1305
"1715 Kil","landsting",330
"1715 Kil","kommunalt ägda företag och organisationer",101
"1730 Eda","primärkommunal förvaltning",811
"1730 Eda","landsting",62
"1730 Eda","kommunalt ägda företag och organisationer",59
"1737 Torsby","primärkommunal förvaltning",1474
"1737 Torsby","landsting",399
"1737 Torsby","kommunalt ägda företag och organisationer",44
"1760 Storfors","primärkommunal förvaltning",467
"1760 Storfors","landsting",55
"1760 Storfors","kommunalt ägda företag och organisationer",16
"1761 Hammarö","primärkommunal förvaltning",1710
"1761 Hammarö","landsting",755
"1761 Hammarö","kommunalt ägda företag och organisationer",110
"1762 Munkfors","primärkommunal förvaltning",421
"1762 Munkfors","landsting",36
"1762 Munkfors","kommunalt ägda företag och organisationer",57
"1763 Forshaga","primärkommunal förvaltning",1439
"1763 Forshaga","landsting",327
"1763 Forshaga","kommunalt ägda företag och organisationer",61
"1764 Grums","primärkommunal förvaltning",865
"1764 Grums","landsting",171
"1764 Grums","kommunalt ägda företag och organisationer",42
"1765 Årjäng","primärkommunal förvaltning",903
"1765 Årjäng","landsting",62
"1765 Årjäng","kommunalt ägda företag och organisationer",58
"1766 Sunne","primärkommunal förvaltning",1713
"1766 Sunne","landsting",283
"1766 Sunne","kommunalt ägda företag och organisationer",46
"1780 Karlstad","primärkommunal förvaltning",8765
"1780 Karlstad","landsting",3947
"1780 Karlstad","kommunalt ägda företag och organisationer",705
"1781 Kristinehamn","primärkommunal förvaltning",2658
"1781 Kristinehamn","landsting",635
"1781 Kristinehamn","kommunalt ägda företag och organisationer",145
"1782 Filipstad","primärkommunal förvaltning",1407
"1782 Filipstad","landsting",105
"1782 Filipstad","kommunalt ägda företag och organisationer",35
"1783 Hagfors","primärkommunal förvaltning",1483
"1783 Hagfors","landsting",174
"1783 Hagfors","kommunalt ägda företag och organisationer",36
"1784 Arvika","primärkommunal förvaltning",2846
"1784 Arvika","landsting",755
"1784 Arvika","kommunalt ägda företag och organisationer",345
"1785 Säffle","primärkommunal förvaltning",1720
"1785 Säffle","landsting",224
"1785 Säffle","kommunalt ägda företag och organisationer",72
"1814 Lekeberg","primärkommunal förvaltning",860
"1814 Lekeberg","landsting",202
"1814 Lekeberg","kommunalt ägda företag och organisationer",66
"1860 Laxå","primärkommunal förvaltning",619
"1860 Laxå","landsting",51
"1860 Laxå","kommunalt ägda företag och organisationer",56
"1861 Hallsberg","primärkommunal förvaltning",1589
"1861 Hallsberg","landsting",297
"1861 Hallsberg","kommunalt ägda företag och organisationer",134
"1862 Degerfors","primärkommunal förvaltning",1080
"1862 Degerfors","landsting",190
"1862 Degerfors","kommunalt ägda företag och organisationer",50
"1863 Hällefors","primärkommunal förvaltning",833
"1863 Hällefors","landsting",53
"1863 Hällefors","kommunalt ägda företag och organisationer",57
"1864 Ljusnarsberg","primärkommunal förvaltning",470
"1864 Ljusnarsberg","landsting",57
"1864 Ljusnarsberg","kommunalt ägda företag och organisationer",27
"1880 Örebro","primärkommunal förvaltning",14541
"1880 Örebro","landsting",7088
"1880 Örebro","kommunalt ägda företag och organisationer",1228
"1881 Kumla","primärkommunal förvaltning",2435
"1881 Kumla","landsting",533
"1881 Kumla","kommunalt ägda företag och organisationer",205
"1882 Askersund","primärkommunal förvaltning",1326
"1882 Askersund","landsting",143
"1882 Askersund","kommunalt ägda företag och organisationer",75
"1883 Karlskoga","primärkommunal förvaltning",3117
"1883 Karlskoga","landsting",796
"1883 Karlskoga","kommunalt ägda företag och organisationer",252
"1884 Nora","primärkommunal förvaltning",1183
"1884 Nora","landsting",284
"1884 Nora","kommunalt ägda företag och organisationer",130
"1885 Lindesberg","primärkommunal förvaltning",2397
"1885 Lindesberg","landsting",780
"1885 Lindesberg","kommunalt ägda företag och organisationer",241
"1904 Skinnskatteberg","primärkommunal förvaltning",505
"1904 Skinnskatteberg","landsting",42
"1904 Skinnskatteberg","kommunalt ägda företag och organisationer",29
"1907 Surahammar","primärkommunal förvaltning",1020
"1907 Surahammar","landsting",132
"1907 Surahammar","kommunalt ägda företag och organisationer",100
"1960 Kungsör","primärkommunal förvaltning",980
"1960 Kungsör","landsting",113
"1960 Kungsör","kommunalt ägda företag och organisationer",119
"1961 Hallstahammar","primärkommunal förvaltning",1679
"1961 Hallstahammar","landsting",274
"1961 Hallstahammar","kommunalt ägda företag och organisationer",158
"1962 Norberg","primärkommunal förvaltning",680
"1962 Norberg","landsting",72
"1962 Norberg","kommunalt ägda företag och organisationer",85
"1980 Västerås","primärkommunal förvaltning",10315
"1980 Västerås","landsting",5204
"1980 Västerås","kommunalt ägda företag och organisationer",1909
"1981 Sala","primärkommunal förvaltning",2410
"1981 Sala","landsting",598
"1981 Sala","kommunalt ägda företag och organisationer",220
"1982 Fagersta","primärkommunal förvaltning",1356
"1982 Fagersta","landsting",131
"1982 Fagersta","kommunalt ägda företag och organisationer",215
"1983 Köping","primärkommunal förvaltning",2856
"1983 Köping","landsting",563
"1983 Köping","kommunalt ägda företag och organisationer",383
"1984 Arboga","primärkommunal förvaltning",1573
"1984 Arboga","landsting",197
"1984 Arboga","kommunalt ägda företag och organisationer",99
"2021 Vansbro","primärkommunal förvaltning",792
"2021 Vansbro","landsting",91
"2021 Vansbro","kommunalt ägda företag och organisationer",81
"2023 Malung-Sälen","primärkommunal förvaltning",1274
"2023 Malung-Sälen","landsting",166
"2023 Malung-Sälen","kommunalt ägda företag och organisationer",233
"2026 Gagnef","primärkommunal förvaltning",1238
"2026 Gagnef","landsting",196
"2026 Gagnef","kommunalt ägda företag och organisationer",66
"2029 Leksand","primärkommunal förvaltning",1814
"2029 Leksand","landsting",283
"2029 Leksand","kommunalt ägda företag och organisationer",93
"2031 Rättvik","primärkommunal förvaltning",1345
"2031 Rättvik","landsting",227
"2031 Rättvik","kommunalt ägda företag och organisationer",82
"2034 Orsa","primärkommunal förvaltning",726
"2034 Orsa","landsting",231
"2034 Orsa","kommunalt ägda företag och organisationer",83
"2039 Älvdalen","primärkommunal förvaltning",756
"2039 Älvdalen","landsting",118
"2039 Älvdalen","kommunalt ägda företag och organisationer",111
"2061 Smedjebacken","primärkommunal förvaltning",1223
"2061 Smedjebacken","landsting",170
"2061 Smedjebacken","kommunalt ägda företag och organisationer",232
"2062 Mora","primärkommunal förvaltning",1971
"2062 Mora","landsting",992
"2062 Mora","kommunalt ägda företag och organisationer",138
"2080 Falun","primärkommunal förvaltning",5579
"2080 Falun","landsting",3521
"2080 Falun","kommunalt ägda företag och organisationer",614
"2081 Borlänge","primärkommunal förvaltning",5434
"2081 Borlänge","landsting",1257
"2081 Borlänge","kommunalt ägda företag och organisationer",500
"2082 Säter","primärkommunal förvaltning",1295
"2082 Säter","landsting",458
"2082 Säter","kommunalt ägda företag och organisationer",96
"2083 Hedemora","primärkommunal förvaltning",1738
"2083 Hedemora","landsting",275
"2083 Hedemora","kommunalt ägda företag och organisationer",154
"2084 Avesta","primärkommunal förvaltning",2617
"2084 Avesta","landsting",450
"2084 Avesta","kommunalt ägda företag och organisationer",130
"2085 Ludvika","primärkommunal förvaltning",2669
"2085 Ludvika","landsting",482
"2085 Ludvika","kommunalt ägda företag och organisationer",393
"2101 Ockelbo","primärkommunal förvaltning",615
"2101 Ockelbo","landsting",104
"2101 Ockelbo","kommunalt ägda företag och organisationer",61
"2104 Hofors","primärkommunal förvaltning",1187
"2104 Hofors","landsting",110
"2104 Hofors","kommunalt ägda företag och organisationer",97
"2121 Ovanåker","primärkommunal förvaltning",1361
"2121 Ovanåker","landsting",111
"2121 Ovanåker","kommunalt ägda företag och organisationer",125
"2132 Nordanstig","primärkommunal förvaltning",1110
"2132 Nordanstig","landsting",164
"2132 Nordanstig","kommunalt ägda företag och organisationer",100
"2161 Ljusdal","primärkommunal förvaltning",2197
"2161 Ljusdal","landsting",261
"2161 Ljusdal","kommunalt ägda företag och organisationer",166
"2180 Gävle","primärkommunal förvaltning",8713
"2180 Gävle","landsting",3533
"2180 Gävle","kommunalt ägda företag och organisationer",1308
"2181 Sandviken","primärkommunal förvaltning",3982
"2181 Sandviken","landsting",734
"2181 Sandviken","kommunalt ägda företag och organisationer",451
"2182 Söderhamn","primärkommunal förvaltning",3057
"2182 Söderhamn","landsting",370
"2182 Söderhamn","kommunalt ägda företag och organisationer",420
"2183 Bollnäs","primärkommunal förvaltning",2878
"2183 Bollnäs","landsting",344
"2183 Bollnäs","kommunalt ägda företag och organisationer",476
"2184 Hudiksvall","primärkommunal förvaltning",4504
"2184 Hudiksvall","landsting",1423
"2184 Hudiksvall","kommunalt ägda företag och organisationer",276
"2260 Ånge","primärkommunal förvaltning",1174
"2260 Ånge","landsting",96
"2260 Ånge","kommunalt ägda företag och organisationer",88
"2262 Timrå","primärkommunal förvaltning",1792
"2262 Timrå","landsting",397
"2262 Timrå","kommunalt ägda företag och organisationer",155
"2280 Härnösand","primärkommunal förvaltning",2669
"2280 Härnösand","landsting",556
"2280 Härnösand","kommunalt ägda företag och organisationer",369
"2281 Sundsvall","primärkommunal förvaltning",9489
"2281 Sundsvall","landsting",3425
"2281 Sundsvall","kommunalt ägda företag och organisationer",657
"2282 Kramfors","primärkommunal förvaltning",2310
"2282 Kramfors","landsting",285
"2282 Kramfors","kommunalt ägda företag och organisationer",176
"2283 Sollefteå","primärkommunal förvaltning",2481
"2283 Sollefteå","landsting",703
"2283 Sollefteå","kommunalt ägda företag och organisationer",113
"2284 Örnsköldsvik","primärkommunal förvaltning",6782
"2284 Örnsköldsvik","landsting",1473
"2284 Örnsköldsvik","kommunalt ägda företag och organisationer",440
"2303 Ragunda","primärkommunal förvaltning",680
"2303 Ragunda","landsting",63
"2303 Ragunda","kommunalt ägda företag och organisationer",46
"2305 Bräcke","primärkommunal förvaltning",913
"2305 Bräcke","landsting",97
"2305 Bräcke","kommunalt ägda företag och organisationer",64
"2309 Krokom","primärkommunal förvaltning",1734
"2309 Krokom","landsting",516
"2309 Krokom","kommunalt ägda företag och organisationer",196
"2313 Strömsund","primärkommunal förvaltning",1659
"2313 Strömsund","landsting",143
"2313 Strömsund","kommunalt ägda företag och organisationer",46
"2321 Åre","primärkommunal förvaltning",1270
"2321 Åre","landsting",185
"2321 Åre","kommunalt ägda företag och organisationer",127
"2326 Berg","primärkommunal förvaltning",904
"2326 Berg","landsting",104
"2326 Berg","kommunalt ägda företag och organisationer",70
"2361 Härjedalen","primärkommunal förvaltning",1450
"2361 Härjedalen","landsting",146
"2361 Härjedalen","kommunalt ägda företag och organisationer",67
"2380 Östersund","primärkommunal förvaltning",6664
"2380 Östersund","landsting",3143
"2380 Östersund","kommunalt ägda företag och organisationer",923
"2401 Nordmaling","primärkommunal förvaltning",892
"2401 Nordmaling","landsting",148
"2401 Nordmaling","kommunalt ägda företag och organisationer",20
"2403 Bjurholm","primärkommunal förvaltning",346
"2403 Bjurholm","landsting",34
"2403 Bjurholm","kommunalt ägda företag och organisationer",3
"2404 Vindeln","primärkommunal förvaltning",646
"2404 Vindeln","landsting",114
"2404 Vindeln","kommunalt ägda företag och organisationer",33
"2409 Robertsfors","primärkommunal förvaltning",951
"2409 Robertsfors","landsting",157
"2409 Robertsfors","kommunalt ägda företag och organisationer",44
"2417 Norsjö","primärkommunal förvaltning",583
"2417 Norsjö","landsting",29
"2417 Norsjö","kommunalt ägda företag och organisationer",57
"2418 Malå","primärkommunal förvaltning",510
"2418 Malå","landsting",39
"2418 Malå","kommunalt ägda företag och organisationer",21
"2421 Storuman","primärkommunal förvaltning",772
"2421 Storuman","landsting",123
"2421 Storuman","kommunalt ägda företag och organisationer",120
"2422 Sorsele","primärkommunal förvaltning",342
"2422 Sorsele","landsting",60
"2422 Sorsele","kommunalt ägda företag och organisationer",11
"2425 Dorotea","primärkommunal förvaltning",370
"2425 Dorotea","landsting",37
"2425 Dorotea","kommunalt ägda företag och organisationer",12
"2460 Vännäs","primärkommunal förvaltning",1252
"2460 Vännäs","landsting",260
"2460 Vännäs","kommunalt ägda företag och organisationer",54
"2462 Vilhelmina","primärkommunal förvaltning",1053
"2462 Vilhelmina","landsting",94
"2462 Vilhelmina","kommunalt ägda företag och organisationer",32
"2463 Åsele","primärkommunal förvaltning",379
"2463 Åsele","landsting",52
"2463 Åsele","kommunalt ägda företag och organisationer",23
"2480 Umeå","primärkommunal förvaltning",11893
"2480 Umeå","landsting",7037
"2480 Umeå","kommunalt ägda företag och organisationer",1231
"2481 Lycksele","primärkommunal förvaltning",1689
"2481 Lycksele","landsting",656
"2481 Lycksele","kommunalt ägda företag och organisationer",137
"2482 Skellefteå","primärkommunal förvaltning",9721
"2482 Skellefteå","landsting",2141
"2482 Skellefteå","kommunalt ägda företag och organisationer",958
"2505 Arvidsjaur","primärkommunal förvaltning",947
"2505 Arvidsjaur","landsting",69
"2505 Arvidsjaur","kommunalt ägda företag och organisationer",62
"2506 Arjeplog","primärkommunal förvaltning",391
"2506 Arjeplog","landsting",39
"2506 Arjeplog","kommunalt ägda företag och organisationer",33
"2510 Jokkmokk","primärkommunal förvaltning",639
"2510 Jokkmokk","landsting",93
"2510 Jokkmokk","kommunalt ägda företag och organisationer",81
"2513 Överkalix","primärkommunal förvaltning",504
"2513 Överkalix","landsting",50
"2513 Överkalix","kommunalt ägda företag och organisationer",53
"2514 Kalix","primärkommunal förvaltning",1887
"2514 Kalix","landsting",474
"2514 Kalix","kommunalt ägda företag och organisationer",37
"2518 Övertorneå","primärkommunal förvaltning",652
"2518 Övertorneå","landsting",53
"2518 Övertorneå","kommunalt ägda företag och organisationer",25
"2521 Pajala","primärkommunal förvaltning",826
"2521 Pajala","landsting",85
"2521 Pajala","kommunalt ägda företag och organisationer",78
"2523 Gällivare","primärkommunal förvaltning",1967
"2523 Gällivare","landsting",668
"2523 Gällivare","kommunalt ägda företag och organisationer",246
"2560 Älvsbyn","primärkommunal förvaltning",1015
"2560 Älvsbyn","landsting",105
"2560 Älvsbyn","kommunalt ägda företag och organisationer",59
"2580 Luleå","primärkommunal förvaltning",7624
"2580 Luleå","landsting",2851
"2580 Luleå","kommunalt ägda företag och organisationer",658
"2581 Piteå","primärkommunal förvaltning",4971
"2581 Piteå","landsting",1310
"2581 Piteå","kommunalt ägda företag och organisationer",374
"2582 Boden","primärkommunal förvaltning",3060
"2582 Boden","landsting",1343
"2582 Boden","kommunalt ägda företag och organisationer",167
"2583 Haparanda","primärkommunal förvaltning",1045
"2583 Haparanda","landsting",92
"2583 Haparanda","kommunalt ägda företag och organisationer",3
"2584 Kiruna","primärkommunal förvaltning",2360
"2584 Kiruna","landsting",371
"2584 Kiruna","kommunalt ägda företag och organisationer",527
