"region","år",Förvärvsarbetande 16+ år med bostad i regionen (nattbefolkning) (RAMS)
"0114 Upplands Väsby","2008",19381
"0114 Upplands Väsby","2009",18888
"0114 Upplands Väsby","2010",19369
"0114 Upplands Väsby","2011",20057
"0114 Upplands Väsby","2012",20396
"0114 Upplands Väsby","2013",20725
"0114 Upplands Väsby","2014",20799
"0114 Upplands Väsby","2015",21363
"0114 Upplands Väsby","2016",22135
"0114 Upplands Väsby","2017",22420
"0115 Vallentuna","2008",14952
"0115 Vallentuna","2009",14931
"0115 Vallentuna","2010",15450
"0115 Vallentuna","2011",15855
"0115 Vallentuna","2012",16260
"0115 Vallentuna","2013",16475
"0115 Vallentuna","2014",16572
"0115 Vallentuna","2015",16771
"0115 Vallentuna","2016",17022
"0115 Vallentuna","2017",17147
"0117 Österåker","2008",19748
"0117 Österåker","2009",19522
"0117 Österåker","2010",19837
"0117 Österåker","2011",20137
"0117 Österåker","2012",20411
"0117 Österåker","2013",20482
"0117 Österåker","2014",20768
"0117 Österåker","2015",21328
"0117 Österåker","2016",22020
"0117 Österåker","2017",22370
"0120 Värmdö","2008",19262
"0120 Värmdö","2009",19028
"0120 Värmdö","2010",19452
"0120 Värmdö","2011",19843
"0120 Värmdö","2012",20196
"0120 Värmdö","2013",20413
"0120 Värmdö","2014",20695
"0120 Värmdö","2015",21177
"0120 Värmdö","2016",21750
"0120 Värmdö","2017",22547
"0123 Järfälla","2008",31159
"0123 Järfälla","2009",30538
"0123 Järfälla","2010",31276
"0123 Järfälla","2011",31940
"0123 Järfälla","2012",32530
"0123 Järfälla","2013",33041
"0123 Järfälla","2014",33609
"0123 Järfälla","2015",34723
"0123 Järfälla","2016",35853
"0123 Järfälla","2017",37341
"0125 Ekerö","2008",12565
"0125 Ekerö","2009",12428
"0125 Ekerö","2010",12686
"0125 Ekerö","2011",13014
"0125 Ekerö","2012",13302
"0125 Ekerö","2013",13366
"0125 Ekerö","2014",13482
"0125 Ekerö","2015",13651
"0125 Ekerö","2016",13818
"0125 Ekerö","2017",13967
"0126 Huddinge","2008",45742
"0126 Huddinge","2009",45161
"0126 Huddinge","2010",46628
"0126 Huddinge","2011",47822
"0126 Huddinge","2012",49171
"0126 Huddinge","2013",49814
"0126 Huddinge","2014",50601
"0126 Huddinge","2015",51716
"0126 Huddinge","2016",53294
"0126 Huddinge","2017",54678
"0127 Botkyrka","2008",36045
"0127 Botkyrka","2009",35165
"0127 Botkyrka","2010",36499
"0127 Botkyrka","2011",38066
"0127 Botkyrka","2012",38960
"0127 Botkyrka","2013",39504
"0127 Botkyrka","2014",40285
"0127 Botkyrka","2015",40779
"0127 Botkyrka","2016",41889
"0127 Botkyrka","2017",42985
"0128 Salem","2008",7367
"0128 Salem","2009",7261
"0128 Salem","2010",7376
"0128 Salem","2011",7592
"0128 Salem","2012",7717
"0128 Salem","2013",7730
"0128 Salem","2014",7707
"0128 Salem","2015",7899
"0128 Salem","2016",7991
"0128 Salem","2017",8065
"0136 Haninge","2008",37029
"0136 Haninge","2009",36467
"0136 Haninge","2010",37313
"0136 Haninge","2011",38211
"0136 Haninge","2012",39051
"0136 Haninge","2013",39755
"0136 Haninge","2014",40517
"0136 Haninge","2015",41595
"0136 Haninge","2016",42923
"0136 Haninge","2017",44282
"0138 Tyresö","2008",20950
"0138 Tyresö","2009",20430
"0138 Tyresö","2010",20857
"0138 Tyresö","2011",21160
"0138 Tyresö","2012",21608
"0138 Tyresö","2013",21914
"0138 Tyresö","2014",22472
"0138 Tyresö","2015",23142
"0138 Tyresö","2016",23803
"0138 Tyresö","2017",23926
"0139 Upplands-Bro","2008",11374
"0139 Upplands-Bro","2009",11154
"0139 Upplands-Bro","2010",11543
"0139 Upplands-Bro","2011",11716
"0139 Upplands-Bro","2012",11864
"0139 Upplands-Bro","2013",11953
"0139 Upplands-Bro","2014",12260
"0139 Upplands-Bro","2015",12547
"0139 Upplands-Bro","2016",13166
"0139 Upplands-Bro","2017",13609
"0140 Nykvarn","2008",4702
"0140 Nykvarn","2009",4664
"0140 Nykvarn","2010",4760
"0140 Nykvarn","2011",4810
"0140 Nykvarn","2012",4901
"0140 Nykvarn","2013",4894
"0140 Nykvarn","2014",5102
"0140 Nykvarn","2015",5302
"0140 Nykvarn","2016",5420
"0140 Nykvarn","2017",5552
"0160 Täby","2008",30795
"0160 Täby","2009",30399
"0160 Täby","2010",30947
"0160 Täby","2011",31567
"0160 Täby","2012",32246
"0160 Täby","2013",32702
"0160 Täby","2014",33014
"0160 Täby","2015",33489
"0160 Täby","2016",34116
"0160 Täby","2017",34759
"0162 Danderyd","2008",13836
"0162 Danderyd","2009",13651
"0162 Danderyd","2010",13834
"0162 Danderyd","2011",14124
"0162 Danderyd","2012",14391
"0162 Danderyd","2013",14532
"0162 Danderyd","2014",14444
"0162 Danderyd","2015",14638
"0162 Danderyd","2016",14792
"0162 Danderyd","2017",15050
"0163 Sollentuna","2008",30553
"0163 Sollentuna","2009",30304
"0163 Sollentuna","2010",31230
"0163 Sollentuna","2011",32099
"0163 Sollentuna","2012",32951
"0163 Sollentuna","2013",33614
"0163 Sollentuna","2014",33956
"0163 Sollentuna","2015",34695
"0163 Sollentuna","2016",35086
"0163 Sollentuna","2017",35549
"0180 Stockholm","2008",419340
"0180 Stockholm","2009",418673
"0180 Stockholm","2010",435788
"0180 Stockholm","2011",449303
"0180 Stockholm","2012",463062
"0180 Stockholm","2013",472952
"0180 Stockholm","2014",481408
"0180 Stockholm","2015",491051
"0180 Stockholm","2016",499995
"0180 Stockholm","2017",507717
"0181 Södertälje","2008",38552
"0181 Södertälje","2009",37003
"0181 Södertälje","2010",37990
"0181 Södertälje","2011",39291
"0181 Södertälje","2012",40315
"0181 Södertälje","2013",40918
"0181 Södertälje","2014",41338
"0181 Södertälje","2015",42230
"0181 Södertälje","2016",43655
"0181 Södertälje","2017",44953
"0182 Nacka","2008",43061
"0182 Nacka","2009",43236
"0182 Nacka","2010",44792
"0182 Nacka","2011",45748
"0182 Nacka","2012",46705
"0182 Nacka","2013",47508
"0182 Nacka","2014",48316
"0182 Nacka","2015",49315
"0182 Nacka","2016",50167
"0182 Nacka","2017",51040
"0183 Sundbyberg","2008",19258
"0183 Sundbyberg","2009",19472
"0183 Sundbyberg","2010",20254
"0183 Sundbyberg","2011",20859
"0183 Sundbyberg","2012",21632
"0183 Sundbyberg","2013",22646
"0183 Sundbyberg","2014",23592
"0183 Sundbyberg","2015",25032
"0183 Sundbyberg","2016",26277
"0183 Sundbyberg","2017",27504
"0184 Solna","2008",34876
"0184 Solna","2009",34852
"0184 Solna","2010",35967
"0184 Solna","2011",37137
"0184 Solna","2012",38284
"0184 Solna","2013",39368
"0184 Solna","2014",40147
"0184 Solna","2015",41688
"0184 Solna","2016",43074
"0184 Solna","2017",44035
"0186 Lidingö","2008",20343
"0186 Lidingö","2009",19996
"0186 Lidingö","2010",20497
"0186 Lidingö","2011",20610
"0186 Lidingö","2012",20944
"0186 Lidingö","2013",21284
"0186 Lidingö","2014",21296
"0186 Lidingö","2015",21844
"0186 Lidingö","2016",22176
"0186 Lidingö","2017",22315
"0187 Vaxholm","2008",5349
"0187 Vaxholm","2009",5342
"0187 Vaxholm","2010",5363
"0187 Vaxholm","2011",5502
"0187 Vaxholm","2012",5540
"0187 Vaxholm","2013",5604
"0187 Vaxholm","2014",5614
"0187 Vaxholm","2015",5634
"0187 Vaxholm","2016",5697
"0187 Vaxholm","2017",5810
"0188 Norrtälje","2008",26234
"0188 Norrtälje","2009",25598
"0188 Norrtälje","2010",26314
"0188 Norrtälje","2011",27110
"0188 Norrtälje","2012",27409
"0188 Norrtälje","2013",27504
"0188 Norrtälje","2014",27687
"0188 Norrtälje","2015",28226
"0188 Norrtälje","2016",28667
"0188 Norrtälje","2017",29127
"0191 Sigtuna","2008",18794
"0191 Sigtuna","2009",18342
"0191 Sigtuna","2010",18938
"0191 Sigtuna","2011",19873
"0191 Sigtuna","2012",20569
"0191 Sigtuna","2013",21120
"0191 Sigtuna","2014",21575
"0191 Sigtuna","2015",21967
"0191 Sigtuna","2016",22839
"0191 Sigtuna","2017",23418
"0192 Nynäshamn","2008",12041
"0192 Nynäshamn","2009",11806
"0192 Nynäshamn","2010",12110
"0192 Nynäshamn","2011",12316
"0192 Nynäshamn","2012",12559
"0192 Nynäshamn","2013",12644
"0192 Nynäshamn","2014",12784
"0192 Nynäshamn","2015",13051
"0192 Nynäshamn","2016",13380
"0192 Nynäshamn","2017",13471
"0305 Håbo","2008",9864
"0305 Håbo","2009",9690
"0305 Håbo","2010",9894
"0305 Håbo","2011",10028
"0305 Håbo","2012",10081
"0305 Håbo","2013",10092
"0305 Håbo","2014",10042
"0305 Håbo","2015",10175
"0305 Håbo","2016",10378
"0305 Håbo","2017",10623
"0319 Älvkarleby","2008",4047
"0319 Älvkarleby","2009",3924
"0319 Älvkarleby","2010",4047
"0319 Älvkarleby","2011",4018
"0319 Älvkarleby","2012",3998
"0319 Älvkarleby","2013",4047
"0319 Älvkarleby","2014",4066
"0319 Älvkarleby","2015",4043
"0319 Älvkarleby","2016",4119
"0319 Älvkarleby","2017",4121
"0330 Knivsta","2008",7427
"0330 Knivsta","2009",7402
"0330 Knivsta","2010",7606
"0330 Knivsta","2011",7831
"0330 Knivsta","2012",7951
"0330 Knivsta","2013",8050
"0330 Knivsta","2014",8393
"0330 Knivsta","2015",8815
"0330 Knivsta","2016",9072
"0330 Knivsta","2017",9381
"0331 Heby","2008",6165
"0331 Heby","2009",5968
"0331 Heby","2010",6091
"0331 Heby","2011",6285
"0331 Heby","2012",6315
"0331 Heby","2013",6379
"0331 Heby","2014",6356
"0331 Heby","2015",6467
"0331 Heby","2016",6571
"0331 Heby","2017",6649
"0360 Tierp","2008",9141
"0360 Tierp","2009",8658
"0360 Tierp","2010",8900
"0360 Tierp","2011",9220
"0360 Tierp","2012",9384
"0360 Tierp","2013",9294
"0360 Tierp","2014",9377
"0360 Tierp","2015",9463
"0360 Tierp","2016",9631
"0360 Tierp","2017",9817
"0380 Uppsala","2008",93339
"0380 Uppsala","2009",92097
"0380 Uppsala","2010",95128
"0380 Uppsala","2011",96936
"0380 Uppsala","2012",99398
"0380 Uppsala","2013",100770
"0380 Uppsala","2014",101700
"0380 Uppsala","2015",103592
"0380 Uppsala","2016",106689
"0380 Uppsala","2017",109137
"0381 Enköping","2008",18885
"0381 Enköping","2009",18614
"0381 Enköping","2010",19030
"0381 Enköping","2011",19663
"0381 Enköping","2012",20101
"0381 Enköping","2013",20184
"0381 Enköping","2014",20466
"0381 Enköping","2015",20990
"0381 Enköping","2016",21476
"0381 Enköping","2017",21951
"0382 Östhammar","2008",10453
"0382 Östhammar","2009",10235
"0382 Östhammar","2010",10268
"0382 Östhammar","2011",10532
"0382 Östhammar","2012",10546
"0382 Östhammar","2013",10638
"0382 Östhammar","2014",10550
"0382 Östhammar","2015",10586
"0382 Östhammar","2016",10716
"0382 Östhammar","2017",10757
"0428 Vingåker","2008",4025
"0428 Vingåker","2009",3854
"0428 Vingåker","2010",3890
"0428 Vingåker","2011",3955
"0428 Vingåker","2012",3894
"0428 Vingåker","2013",3833
"0428 Vingåker","2014",3853
"0428 Vingåker","2015",3911
"0428 Vingåker","2016",3945
"0428 Vingåker","2017",4010
"0461 Gnesta","2008",4972
"0461 Gnesta","2009",4881
"0461 Gnesta","2010",4952
"0461 Gnesta","2011",5032
"0461 Gnesta","2012",5080
"0461 Gnesta","2013",5069
"0461 Gnesta","2014",5131
"0461 Gnesta","2015",5201
"0461 Gnesta","2016",5279
"0461 Gnesta","2017",5355
"0480 Nyköping","2008",24198
"0480 Nyköping","2009",23254
"0480 Nyköping","2010",23988
"0480 Nyköping","2011",24654
"0480 Nyköping","2012",24750
"0480 Nyköping","2013",25088
"0480 Nyköping","2014",25089
"0480 Nyköping","2015",25504
"0480 Nyköping","2016",25753
"0480 Nyköping","2017",26130
"0481 Oxelösund","2008",5107
"0481 Oxelösund","2009",4782
"0481 Oxelösund","2010",4901
"0481 Oxelösund","2011",5060
"0481 Oxelösund","2012",4993
"0481 Oxelösund","2013",5051
"0481 Oxelösund","2014",5011
"0481 Oxelösund","2015",5030
"0481 Oxelösund","2016",5037
"0481 Oxelösund","2017",5086
"0482 Flen","2008",6878
"0482 Flen","2009",6622
"0482 Flen","2010",6627
"0482 Flen","2011",6669
"0482 Flen","2012",6626
"0482 Flen","2013",6645
"0482 Flen","2014",6523
"0482 Flen","2015",6506
"0482 Flen","2016",6612
"0482 Flen","2017",6686
"0483 Katrineholm","2008",14276
"0483 Katrineholm","2009",13757
"0483 Katrineholm","2010",14005
"0483 Katrineholm","2011",14305
"0483 Katrineholm","2012",14251
"0483 Katrineholm","2013",14414
"0483 Katrineholm","2014",14518
"0483 Katrineholm","2015",14658
"0483 Katrineholm","2016",14801
"0483 Katrineholm","2017",15154
"0484 Eskilstuna","2008",43139
"0484 Eskilstuna","2009",40590
"0484 Eskilstuna","2010",41814
"0484 Eskilstuna","2011",42935
"0484 Eskilstuna","2012",43482
"0484 Eskilstuna","2013",44008
"0484 Eskilstuna","2014",44008
"0484 Eskilstuna","2015",44710
"0484 Eskilstuna","2016",45797
"0484 Eskilstuna","2017",46696
"0486 Strängnäs","2008",15223
"0486 Strängnäs","2009",14938
"0486 Strängnäs","2010",15299
"0486 Strängnäs","2011",15634
"0486 Strängnäs","2012",15878
"0486 Strängnäs","2013",16038
"0486 Strängnäs","2014",16135
"0486 Strängnäs","2015",16302
"0486 Strängnäs","2016",16579
"0486 Strängnäs","2017",16837
"0488 Trosa","2008",5723
"0488 Trosa","2009",5640
"0488 Trosa","2010",5686
"0488 Trosa","2011",5768
"0488 Trosa","2012",5766
"0488 Trosa","2013",5788
"0488 Trosa","2014",5828
"0488 Trosa","2015",5926
"0488 Trosa","2016",6076
"0488 Trosa","2017",6303
"0509 Ödeshög","2008",2438
"0509 Ödeshög","2009",2337
"0509 Ödeshög","2010",2353
"0509 Ödeshög","2011",2459
"0509 Ödeshög","2012",2460
"0509 Ödeshög","2013",2422
"0509 Ödeshög","2014",2426
"0509 Ödeshög","2015",2422
"0509 Ödeshög","2016",2463
"0509 Ödeshög","2017",2463
"0512 Ydre","2008",1859
"0512 Ydre","2009",1763
"0512 Ydre","2010",1794
"0512 Ydre","2011",1835
"0512 Ydre","2012",1806
"0512 Ydre","2013",1788
"0512 Ydre","2014",1759
"0512 Ydre","2015",1744
"0512 Ydre","2016",1751
"0512 Ydre","2017",1813
"0513 Kinda","2008",4614
"0513 Kinda","2009",4463
"0513 Kinda","2010",4525
"0513 Kinda","2011",4735
"0513 Kinda","2012",4696
"0513 Kinda","2013",4685
"0513 Kinda","2014",4663
"0513 Kinda","2015",4624
"0513 Kinda","2016",4686
"0513 Kinda","2017",4732
"0560 Boxholm","2008",2487
"0560 Boxholm","2009",2398
"0560 Boxholm","2010",2444
"0560 Boxholm","2011",2517
"0560 Boxholm","2012",2483
"0560 Boxholm","2013",2521
"0560 Boxholm","2014",2536
"0560 Boxholm","2015",2526
"0560 Boxholm","2016",2563
"0560 Boxholm","2017",2588
"0561 Åtvidaberg","2008",5271
"0561 Åtvidaberg","2009",5058
"0561 Åtvidaberg","2010",5209
"0561 Åtvidaberg","2011",5276
"0561 Åtvidaberg","2012",5280
"0561 Åtvidaberg","2013",5333
"0561 Åtvidaberg","2014",5310
"0561 Åtvidaberg","2015",5344
"0561 Åtvidaberg","2016",5452
"0561 Åtvidaberg","2017",5486
"0562 Finspång","2008",9576
"0562 Finspång","2009",9372
"0562 Finspång","2010",9571
"0562 Finspång","2011",9688
"0562 Finspång","2012",9708
"0562 Finspång","2013",9558
"0562 Finspång","2014",9406
"0562 Finspång","2015",9454
"0562 Finspång","2016",9692
"0562 Finspång","2017",9852
"0563 Valdemarsvik","2008",3564
"0563 Valdemarsvik","2009",3372
"0563 Valdemarsvik","2010",3421
"0563 Valdemarsvik","2011",3418
"0563 Valdemarsvik","2012",3421
"0563 Valdemarsvik","2013",3422
"0563 Valdemarsvik","2014",3430
"0563 Valdemarsvik","2015",3447
"0563 Valdemarsvik","2016",3458
"0563 Valdemarsvik","2017",3497
"0580 Linköping","2008",65757
"0580 Linköping","2009",64450
"0580 Linköping","2010",66389
"0580 Linköping","2011",67685
"0580 Linköping","2012",68655
"0580 Linköping","2013",70032
"0580 Linköping","2014",71060
"0580 Linköping","2015",72528
"0580 Linköping","2016",74977
"0580 Linköping","2017",76640
"0581 Norrköping","2008",57819
"0581 Norrköping","2009",56398
"0581 Norrköping","2010",58237
"0581 Norrköping","2011",59341
"0581 Norrköping","2012",60090
"0581 Norrköping","2013",60815
"0581 Norrköping","2014",61156
"0581 Norrköping","2015",62567
"0581 Norrköping","2016",64263
"0581 Norrköping","2017",65841
"0582 Söderköping","2008",6709
"0582 Söderköping","2009",6592
"0582 Söderköping","2010",6669
"0582 Söderköping","2011",6759
"0582 Söderköping","2012",6793
"0582 Söderköping","2013",6869
"0582 Söderköping","2014",6841
"0582 Söderköping","2015",6915
"0582 Söderköping","2016",6993
"0582 Söderköping","2017",7097
"0583 Motala","2008",18604
"0583 Motala","2009",17781
"0583 Motala","2010",17914
"0583 Motala","2011",18250
"0583 Motala","2012",18446
"0583 Motala","2013",18754
"0583 Motala","2014",18922
"0583 Motala","2015",19205
"0583 Motala","2016",19485
"0583 Motala","2017",19681
"0584 Vadstena","2008",3353
"0584 Vadstena","2009",3263
"0584 Vadstena","2010",3250
"0584 Vadstena","2011",3321
"0584 Vadstena","2012",3315
"0584 Vadstena","2013",3324
"0584 Vadstena","2014",3312
"0584 Vadstena","2015",3316
"0584 Vadstena","2016",3286
"0584 Vadstena","2017",3316
"0586 Mjölby","2008",12089
"0586 Mjölby","2009",11714
"0586 Mjölby","2010",11920
"0586 Mjölby","2011",12344
"0586 Mjölby","2012",12513
"0586 Mjölby","2013",12616
"0586 Mjölby","2014",12667
"0586 Mjölby","2015",12795
"0586 Mjölby","2016",13111
"0586 Mjölby","2017",13271
"0604 Aneby","2008",3231
"0604 Aneby","2009",3098
"0604 Aneby","2010",3143
"0604 Aneby","2011",3259
"0604 Aneby","2012",3256
"0604 Aneby","2013",3275
"0604 Aneby","2014",3291
"0604 Aneby","2015",3308
"0604 Aneby","2016",3346
"0604 Aneby","2017",3413
"0617 Gnosjö","2008",5154
"0617 Gnosjö","2009",4693
"0617 Gnosjö","2010",4849
"0617 Gnosjö","2011",4909
"0617 Gnosjö","2012",4831
"0617 Gnosjö","2013",4817
"0617 Gnosjö","2014",4800
"0617 Gnosjö","2015",4808
"0617 Gnosjö","2016",4919
"0617 Gnosjö","2017",5042
"0642 Mullsjö","2008",3471
"0642 Mullsjö","2009",3278
"0642 Mullsjö","2010",3378
"0642 Mullsjö","2011",3434
"0642 Mullsjö","2012",3423
"0642 Mullsjö","2013",3379
"0642 Mullsjö","2014",3399
"0642 Mullsjö","2015",3424
"0642 Mullsjö","2016",3452
"0642 Mullsjö","2017",3531
"0643 Habo","2008",5494
"0643 Habo","2009",5388
"0643 Habo","2010",5481
"0643 Habo","2011",5587
"0643 Habo","2012",5644
"0643 Habo","2013",5608
"0643 Habo","2014",5636
"0643 Habo","2015",5734
"0643 Habo","2016",5864
"0643 Habo","2017",5952
"0662 Gislaved","2008",14921
"0662 Gislaved","2009",13662
"0662 Gislaved","2010",14052
"0662 Gislaved","2011",14457
"0662 Gislaved","2012",14355
"0662 Gislaved","2013",14275
"0662 Gislaved","2014",14226
"0662 Gislaved","2015",14246
"0662 Gislaved","2016",14587
"0662 Gislaved","2017",14801
"0665 Vaggeryd","2008",6614
"0665 Vaggeryd","2009",6180
"0665 Vaggeryd","2010",6479
"0665 Vaggeryd","2011",6713
"0665 Vaggeryd","2012",6713
"0665 Vaggeryd","2013",6724
"0665 Vaggeryd","2014",6677
"0665 Vaggeryd","2015",6786
"0665 Vaggeryd","2016",6938
"0665 Vaggeryd","2017",7153
"0680 Jönköping","2008",61712
"0680 Jönköping","2009",59861
"0680 Jönköping","2010",61989
"0680 Jönköping","2011",63515
"0680 Jönköping","2012",64145
"0680 Jönköping","2013",64472
"0680 Jönköping","2014",65181
"0680 Jönköping","2015",66545
"0680 Jönköping","2016",68201
"0680 Jönköping","2017",69866
"0682 Nässjö","2008",14089
"0682 Nässjö","2009",13412
"0682 Nässjö","2010",13571
"0682 Nässjö","2011",13826
"0682 Nässjö","2012",13848
"0682 Nässjö","2013",13768
"0682 Nässjö","2014",13871
"0682 Nässjö","2015",14137
"0682 Nässjö","2016",14556
"0682 Nässjö","2017",14839
"0683 Värnamo","2008",17132
"0683 Värnamo","2009",15817
"0683 Värnamo","2010",16293
"0683 Värnamo","2011",16810
"0683 Värnamo","2012",16857
"0683 Värnamo","2013",16854
"0683 Värnamo","2014",17005
"0683 Värnamo","2015",17150
"0683 Värnamo","2016",17476
"0683 Värnamo","2017",17758
"0684 Sävsjö","2008",5173
"0684 Sävsjö","2009",4899
"0684 Sävsjö","2010",5040
"0684 Sävsjö","2011",5284
"0684 Sävsjö","2012",5232
"0684 Sävsjö","2013",5221
"0684 Sävsjö","2014",5186
"0684 Sävsjö","2015",5278
"0684 Sävsjö","2016",5395
"0684 Sävsjö","2017",5471
"0685 Vetlanda","2008",13111
"0685 Vetlanda","2009",12405
"0685 Vetlanda","2010",12735
"0685 Vetlanda","2011",12939
"0685 Vetlanda","2012",12938
"0685 Vetlanda","2013",12927
"0685 Vetlanda","2014",13033
"0685 Vetlanda","2015",13051
"0685 Vetlanda","2016",13397
"0685 Vetlanda","2017",13525
"0686 Eksjö","2008",8012
"0686 Eksjö","2009",7731
"0686 Eksjö","2010",7810
"0686 Eksjö","2011",7984
"0686 Eksjö","2012",7968
"0686 Eksjö","2013",7978
"0686 Eksjö","2014",8003
"0686 Eksjö","2015",8089
"0686 Eksjö","2016",8231
"0686 Eksjö","2017",8269
"0687 Tranås","2008",8350
"0687 Tranås","2009",7854
"0687 Tranås","2010",8020
"0687 Tranås","2011",8091
"0687 Tranås","2012",8136
"0687 Tranås","2013",8152
"0687 Tranås","2014",8191
"0687 Tranås","2015",8299
"0687 Tranås","2016",8487
"0687 Tranås","2017",8547
"0760 Uppvidinge","2008",4508
"0760 Uppvidinge","2009",4235
"0760 Uppvidinge","2010",4293
"0760 Uppvidinge","2011",4407
"0760 Uppvidinge","2012",4324
"0760 Uppvidinge","2013",4311
"0760 Uppvidinge","2014",4334
"0760 Uppvidinge","2015",4389
"0760 Uppvidinge","2016",4511
"0760 Uppvidinge","2017",4597
"0761 Lessebo","2008",3762
"0761 Lessebo","2009",3608
"0761 Lessebo","2010",3571
"0761 Lessebo","2011",3639
"0761 Lessebo","2012",3593
"0761 Lessebo","2013",3496
"0761 Lessebo","2014",3464
"0761 Lessebo","2015",3500
"0761 Lessebo","2016",3601
"0761 Lessebo","2017",3681
"0763 Tingsryd","2008",5853
"0763 Tingsryd","2009",5569
"0763 Tingsryd","2010",5590
"0763 Tingsryd","2011",5796
"0763 Tingsryd","2012",5744
"0763 Tingsryd","2013",5699
"0763 Tingsryd","2014",5687
"0763 Tingsryd","2015",5636
"0763 Tingsryd","2016",5703
"0763 Tingsryd","2017",5819
"0764 Alvesta","2008",9325
"0764 Alvesta","2009",8897
"0764 Alvesta","2010",8977
"0764 Alvesta","2011",9169
"0764 Alvesta","2012",9188
"0764 Alvesta","2013",9137
"0764 Alvesta","2014",9155
"0764 Alvesta","2015",9150
"0764 Alvesta","2016",9321
"0764 Alvesta","2017",9438
"0765 Älmhult","2008",7728
"0765 Älmhult","2009",7506
"0765 Älmhult","2010",7629
"0765 Älmhult","2011",7829
"0765 Älmhult","2012",7855
"0765 Älmhult","2013",7813
"0765 Älmhult","2014",7879
"0765 Älmhult","2015",7959
"0765 Älmhult","2016",8107
"0765 Älmhult","2017",8273
"0767 Markaryd","2008",4434
"0767 Markaryd","2009",4163
"0767 Markaryd","2010",4262
"0767 Markaryd","2011",4313
"0767 Markaryd","2012",4300
"0767 Markaryd","2013",4283
"0767 Markaryd","2014",4296
"0767 Markaryd","2015",4344
"0767 Markaryd","2016",4435
"0767 Markaryd","2017",4574
"0780 Växjö","2008",40667
"0780 Växjö","2009",38845
"0780 Växjö","2010",39877
"0780 Växjö","2011",40928
"0780 Växjö","2012",41394
"0780 Växjö","2013",41644
"0780 Växjö","2014",41887
"0780 Växjö","2015",42670
"0780 Växjö","2016",43748
"0780 Växjö","2017",45021
"0781 Ljungby","2008",13977
"0781 Ljungby","2009",13267
"0781 Ljungby","2010",13422
"0781 Ljungby","2011",13845
"0781 Ljungby","2012",13840
"0781 Ljungby","2013",13653
"0781 Ljungby","2014",13758
"0781 Ljungby","2015",13816
"0781 Ljungby","2016",14032
"0781 Ljungby","2017",14143
"0821 Högsby","2008",2524
"0821 Högsby","2009",2377
"0821 Högsby","2010",2403
"0821 Högsby","2011",2454
"0821 Högsby","2012",2452
"0821 Högsby","2013",2417
"0821 Högsby","2014",2451
"0821 Högsby","2015",2448
"0821 Högsby","2016",2495
"0821 Högsby","2017",2532
"0834 Torsås","2008",3210
"0834 Torsås","2009",3012
"0834 Torsås","2010",3045
"0834 Torsås","2011",3142
"0834 Torsås","2012",3116
"0834 Torsås","2013",3151
"0834 Torsås","2014",3179
"0834 Torsås","2015",3154
"0834 Torsås","2016",3166
"0834 Torsås","2017",3213
"0840 Mörbylånga","2008",6570
"0840 Mörbylånga","2009",6514
"0840 Mörbylånga","2010",6719
"0840 Mörbylånga","2011",6861
"0840 Mörbylånga","2012",6903
"0840 Mörbylånga","2013",6949
"0840 Mörbylånga","2014",6993
"0840 Mörbylånga","2015",6986
"0840 Mörbylånga","2016",7079
"0840 Mörbylånga","2017",7124
"0860 Hultsfred","2008",6124
"0860 Hultsfred","2009",5734
"0860 Hultsfred","2010",5978
"0860 Hultsfred","2011",6035
"0860 Hultsfred","2012",6008
"0860 Hultsfred","2013",6032
"0860 Hultsfred","2014",6070
"0860 Hultsfred","2015",6053
"0860 Hultsfred","2016",6106
"0860 Hultsfred","2017",6180
"0861 Mönsterås","2008",6155
"0861 Mönsterås","2009",5841
"0861 Mönsterås","2010",5958
"0861 Mönsterås","2011",6007
"0861 Mönsterås","2012",5998
"0861 Mönsterås","2013",6040
"0861 Mönsterås","2014",5994
"0861 Mönsterås","2015",6059
"0861 Mönsterås","2016",6166
"0861 Mönsterås","2017",6176
"0862 Emmaboda","2008",4315
"0862 Emmaboda","2009",4131
"0862 Emmaboda","2010",4178
"0862 Emmaboda","2011",4237
"0862 Emmaboda","2012",4176
"0862 Emmaboda","2013",4135
"0862 Emmaboda","2014",4151
"0862 Emmaboda","2015",4139
"0862 Emmaboda","2016",4198
"0862 Emmaboda","2017",4263
"0880 Kalmar","2008",29900
"0880 Kalmar","2009",29335
"0880 Kalmar","2010",30317
"0880 Kalmar","2011",30640
"0880 Kalmar","2012",31092
"0880 Kalmar","2013",31239
"0880 Kalmar","2014",31473
"0880 Kalmar","2015",32241
"0880 Kalmar","2016",33053
"0880 Kalmar","2017",33697
"0881 Nybro","2008",8959
"0881 Nybro","2009",8505
"0881 Nybro","2010",8774
"0881 Nybro","2011",8955
"0881 Nybro","2012",8892
"0881 Nybro","2013",8979
"0881 Nybro","2014",8911
"0881 Nybro","2015",8898
"0881 Nybro","2016",8983
"0881 Nybro","2017",9108
"0882 Oskarshamn","2008",12902
"0882 Oskarshamn","2009",12515
"0882 Oskarshamn","2010",12545
"0882 Oskarshamn","2011",12641
"0882 Oskarshamn","2012",12601
"0882 Oskarshamn","2013",12744
"0882 Oskarshamn","2014",12673
"0882 Oskarshamn","2015",12793
"0882 Oskarshamn","2016",12996
"0882 Oskarshamn","2017",13037
"0883 Västervik","2008",16285
"0883 Västervik","2009",15612
"0883 Västervik","2010",16022
"0883 Västervik","2011",16484
"0883 Västervik","2012",16274
"0883 Västervik","2013",16111
"0883 Västervik","2014",16202
"0883 Västervik","2015",16283
"0883 Västervik","2016",16299
"0883 Västervik","2017",16406
"0884 Vimmerby","2008",7602
"0884 Vimmerby","2009",7253
"0884 Vimmerby","2010",7420
"0884 Vimmerby","2011",7571
"0884 Vimmerby","2012",7547
"0884 Vimmerby","2013",7520
"0884 Vimmerby","2014",7513
"0884 Vimmerby","2015",7559
"0884 Vimmerby","2016",7589
"0884 Vimmerby","2017",7680
"0885 Borgholm","2008",4779
"0885 Borgholm","2009",4695
"0885 Borgholm","2010",4753
"0885 Borgholm","2011",4839
"0885 Borgholm","2012",4864
"0885 Borgholm","2013",4861
"0885 Borgholm","2014",4798
"0885 Borgholm","2015",4823
"0885 Borgholm","2016",4895
"0885 Borgholm","2017",4942
"0980 Gotland","2008",27195
"0980 Gotland","2009",26785
"0980 Gotland","2010",27150
"0980 Gotland","2011",27951
"0980 Gotland","2012",27912
"0980 Gotland","2013",27907
"0980 Gotland","2014",27972
"0980 Gotland","2015",28126
"0980 Gotland","2016",28446
"0980 Gotland","2017",28801
"1060 Olofström","2008",5726
"1060 Olofström","2009",5227
"1060 Olofström","2010",5394
"1060 Olofström","2011",5639
"1060 Olofström","2012",5601
"1060 Olofström","2013",5675
"1060 Olofström","2014",5650
"1060 Olofström","2015",5773
"1060 Olofström","2016",5909
"1060 Olofström","2017",6050
"1080 Karlskrona","2008",29086
"1080 Karlskrona","2009",28263
"1080 Karlskrona","2010",28719
"1080 Karlskrona","2011",29130
"1080 Karlskrona","2012",29192
"1080 Karlskrona","2013",29322
"1080 Karlskrona","2014",29480
"1080 Karlskrona","2015",29914
"1080 Karlskrona","2016",30639
"1080 Karlskrona","2017",31244
"1081 Ronneby","2008",12817
"1081 Ronneby","2009",12183
"1081 Ronneby","2010",12215
"1081 Ronneby","2011",12431
"1081 Ronneby","2012",12285
"1081 Ronneby","2013",12293
"1081 Ronneby","2014",12235
"1081 Ronneby","2015",12159
"1081 Ronneby","2016",12559
"1081 Ronneby","2017",12705
"1082 Karlshamn","2008",14139
"1082 Karlshamn","2009",13564
"1082 Karlshamn","2010",13808
"1082 Karlshamn","2011",14076
"1082 Karlshamn","2012",13980
"1082 Karlshamn","2013",13943
"1082 Karlshamn","2014",14113
"1082 Karlshamn","2015",14233
"1082 Karlshamn","2016",14588
"1082 Karlshamn","2017",14812
"1083 Sölvesborg","2008",7679
"1083 Sölvesborg","2009",7252
"1083 Sölvesborg","2010",7415
"1083 Sölvesborg","2011",7587
"1083 Sölvesborg","2012",7556
"1083 Sölvesborg","2013",7603
"1083 Sölvesborg","2014",7626
"1083 Sölvesborg","2015",7786
"1083 Sölvesborg","2016",7958
"1083 Sölvesborg","2017",8082
"1214 Svalöv","2008",6237
"1214 Svalöv","2009",6007
"1214 Svalöv","2010",6118
"1214 Svalöv","2011",6226
"1214 Svalöv","2012",6266
"1214 Svalöv","2013",6280
"1214 Svalöv","2014",6357
"1214 Svalöv","2015",6508
"1214 Svalöv","2016",6582
"1214 Svalöv","2017",6664
"1230 Staffanstorp","2008",10580
"1230 Staffanstorp","2009",10369
"1230 Staffanstorp","2010",10557
"1230 Staffanstorp","2011",10609
"1230 Staffanstorp","2012",10797
"1230 Staffanstorp","2013",10883
"1230 Staffanstorp","2014",10936
"1230 Staffanstorp","2015",10997
"1230 Staffanstorp","2016",11253
"1230 Staffanstorp","2017",11484
"1231 Burlöv","2008",7053
"1231 Burlöv","2009",6871
"1231 Burlöv","2010",6965
"1231 Burlöv","2011",7077
"1231 Burlöv","2012",7189
"1231 Burlöv","2013",7273
"1231 Burlöv","2014",7264
"1231 Burlöv","2015",7392
"1231 Burlöv","2016",7554
"1231 Burlöv","2017",7786
"1233 Vellinge","2008",15403
"1233 Vellinge","2009",15108
"1233 Vellinge","2010",15272
"1233 Vellinge","2011",15468
"1233 Vellinge","2012",15619
"1233 Vellinge","2013",15674
"1233 Vellinge","2014",15693
"1233 Vellinge","2015",15994
"1233 Vellinge","2016",16268
"1233 Vellinge","2017",16553
"1256 Östra Göinge","2008",6262
"1256 Östra Göinge","2009",5796
"1256 Östra Göinge","2010",5988
"1256 Östra Göinge","2011",6098
"1256 Östra Göinge","2012",6097
"1256 Östra Göinge","2013",6088
"1256 Östra Göinge","2014",6109
"1256 Östra Göinge","2015",6147
"1256 Östra Göinge","2016",6179
"1256 Östra Göinge","2017",6245
"1257 Örkelljunga","2008",4327
"1257 Örkelljunga","2009",4128
"1257 Örkelljunga","2010",4170
"1257 Örkelljunga","2011",4343
"1257 Örkelljunga","2012",4324
"1257 Örkelljunga","2013",4347
"1257 Örkelljunga","2014",4311
"1257 Örkelljunga","2015",4364
"1257 Örkelljunga","2016",4457
"1257 Örkelljunga","2017",4545
"1260 Bjuv","2008",6393
"1260 Bjuv","2009",6178
"1260 Bjuv","2010",6217
"1260 Bjuv","2011",6389
"1260 Bjuv","2012",6403
"1260 Bjuv","2013",6457
"1260 Bjuv","2014",6460
"1260 Bjuv","2015",6591
"1260 Bjuv","2016",6793
"1260 Bjuv","2017",6872
"1261 Kävlinge","2008",14248
"1261 Kävlinge","2009",14053
"1261 Kävlinge","2010",14288
"1261 Kävlinge","2011",14448
"1261 Kävlinge","2012",14527
"1261 Kävlinge","2013",14490
"1261 Kävlinge","2014",14466
"1261 Kävlinge","2015",14721
"1261 Kävlinge","2016",14868
"1261 Kävlinge","2017",15079
"1262 Lomma","2008",9693
"1262 Lomma","2009",9753
"1262 Lomma","2010",10062
"1262 Lomma","2011",10333
"1262 Lomma","2012",10481
"1262 Lomma","2013",10496
"1262 Lomma","2014",10658
"1262 Lomma","2015",10868
"1262 Lomma","2016",11034
"1262 Lomma","2017",11186
"1263 Svedala","2008",9680
"1263 Svedala","2009",9602
"1263 Svedala","2010",9868
"1263 Svedala","2011",9927
"1263 Svedala","2012",9975
"1263 Svedala","2013",9939
"1263 Svedala","2014",9902
"1263 Svedala","2015",10020
"1263 Svedala","2016",10139
"1263 Svedala","2017",10269
"1264 Skurup","2008",6830
"1264 Skurup","2009",6684
"1264 Skurup","2010",6838
"1264 Skurup","2011",6977
"1264 Skurup","2012",7006
"1264 Skurup","2013",7011
"1264 Skurup","2014",7104
"1264 Skurup","2015",7174
"1264 Skurup","2016",7364
"1264 Skurup","2017",7503
"1265 Sjöbo","2008",8632
"1265 Sjöbo","2009",8432
"1265 Sjöbo","2010",8596
"1265 Sjöbo","2011",8849
"1265 Sjöbo","2012",8911
"1265 Sjöbo","2013",9025
"1265 Sjöbo","2014",8988
"1265 Sjöbo","2015",9082
"1265 Sjöbo","2016",9171
"1265 Sjöbo","2017",9325
"1266 Hörby","2008",6971
"1266 Hörby","2009",6831
"1266 Hörby","2010",7064
"1266 Hörby","2011",7280
"1266 Hörby","2012",7374
"1266 Hörby","2013",7318
"1266 Hörby","2014",7345
"1266 Hörby","2015",7385
"1266 Hörby","2016",7514
"1266 Hörby","2017",7616
"1267 Höör","2008",7078
"1267 Höör","2009",7015
"1267 Höör","2010",7198
"1267 Höör","2011",7393
"1267 Höör","2012",7437
"1267 Höör","2013",7461
"1267 Höör","2014",7560
"1267 Höör","2015",7766
"1267 Höör","2016",7893
"1267 Höör","2017",8009
"1270 Tomelilla","2008",5809
"1270 Tomelilla","2009",5697
"1270 Tomelilla","2010",5819
"1270 Tomelilla","2011",5999
"1270 Tomelilla","2012",6027
"1270 Tomelilla","2013",6022
"1270 Tomelilla","2014",6056
"1270 Tomelilla","2015",6143
"1270 Tomelilla","2016",6229
"1270 Tomelilla","2017",6275
"1272 Bromölla","2008",5543
"1272 Bromölla","2009",5247
"1272 Bromölla","2010",5378
"1272 Bromölla","2011",5484
"1272 Bromölla","2012",5451
"1272 Bromölla","2013",5437
"1272 Bromölla","2014",5442
"1272 Bromölla","2015",5520
"1272 Bromölla","2016",5640
"1272 Bromölla","2017",5638
"1273 Osby","2008",5768
"1273 Osby","2009",5473
"1273 Osby","2010",5637
"1273 Osby","2011",5861
"1273 Osby","2012",5787
"1273 Osby","2013",5773
"1273 Osby","2014",5812
"1273 Osby","2015",5888
"1273 Osby","2016",5993
"1273 Osby","2017",6057
"1275 Perstorp","2008",2923
"1275 Perstorp","2009",2769
"1275 Perstorp","2010",2838
"1275 Perstorp","2011",2901
"1275 Perstorp","2012",2906
"1275 Perstorp","2013",2968
"1275 Perstorp","2014",2920
"1275 Perstorp","2015",2966
"1275 Perstorp","2016",3014
"1275 Perstorp","2017",3064
"1276 Klippan","2008",7208
"1276 Klippan","2009",6893
"1276 Klippan","2010",7147
"1276 Klippan","2011",7341
"1276 Klippan","2012",7397
"1276 Klippan","2013",7419
"1276 Klippan","2014",7369
"1276 Klippan","2015",7584
"1276 Klippan","2016",7764
"1276 Klippan","2017",7904
"1277 Åstorp","2008",6484
"1277 Åstorp","2009",6246
"1277 Åstorp","2010",6303
"1277 Åstorp","2011",6464
"1277 Åstorp","2012",6458
"1277 Åstorp","2013",6503
"1277 Åstorp","2014",6556
"1277 Åstorp","2015",6669
"1277 Åstorp","2016",6807
"1277 Åstorp","2017",6930
"1278 Båstad","2008",6524
"1278 Båstad","2009",6387
"1278 Båstad","2010",6459
"1278 Båstad","2011",6600
"1278 Båstad","2012",6558
"1278 Båstad","2013",6615
"1278 Båstad","2014",6600
"1278 Båstad","2015",6576
"1278 Båstad","2016",6701
"1278 Båstad","2017",6750
"1280 Malmö","2008",118311
"1280 Malmö","2009",116528
"1280 Malmö","2010",121184
"1280 Malmö","2011",124750
"1280 Malmö","2012",128006
"1280 Malmö","2013",130911
"1280 Malmö","2014",134013
"1280 Malmö","2015",138042
"1280 Malmö","2016",142489
"1280 Malmö","2017",145430
"1281 Lund","2008",50227
"1281 Lund","2009",48805
"1281 Lund","2010",50150
"1281 Lund","2011",50766
"1281 Lund","2012",51582
"1281 Lund","2013",52014
"1281 Lund","2014",52111
"1281 Lund","2015",52867
"1281 Lund","2016",54036
"1281 Lund","2017",55168
"1282 Landskrona","2008",16822
"1282 Landskrona","2009",16106
"1282 Landskrona","2010",16664
"1282 Landskrona","2011",17227
"1282 Landskrona","2012",17485
"1282 Landskrona","2013",17629
"1282 Landskrona","2014",17884
"1282 Landskrona","2015",18185
"1282 Landskrona","2016",18755
"1282 Landskrona","2017",19193
"1283 Helsingborg","2008",57443
"1283 Helsingborg","2009",55797
"1283 Helsingborg","2010",57008
"1283 Helsingborg","2011",58396
"1283 Helsingborg","2012",59130
"1283 Helsingborg","2013",59670
"1283 Helsingborg","2014",60687
"1283 Helsingborg","2015",62074
"1283 Helsingborg","2016",64191
"1283 Helsingborg","2017",65551
"1284 Höganäs","2008",11087
"1284 Höganäs","2009",10816
"1284 Höganäs","2010",11015
"1284 Höganäs","2011",11199
"1284 Höganäs","2012",11322
"1284 Höganäs","2013",11433
"1284 Höganäs","2014",11406
"1284 Höganäs","2015",11528
"1284 Höganäs","2016",11596
"1284 Höganäs","2017",11801
"1285 Eslöv","2008",14688
"1285 Eslöv","2009",14219
"1285 Eslöv","2010",14553
"1285 Eslöv","2011",14891
"1285 Eslöv","2012",15016
"1285 Eslöv","2013",15084
"1285 Eslöv","2014",15184
"1285 Eslöv","2015",15299
"1285 Eslöv","2016",15642
"1285 Eslöv","2017",15801
"1286 Ystad","2008",13030
"1286 Ystad","2009",12786
"1286 Ystad","2010",13129
"1286 Ystad","2011",13463
"1286 Ystad","2012",13664
"1286 Ystad","2013",13705
"1286 Ystad","2014",13718
"1286 Ystad","2015",13816
"1286 Ystad","2016",13990
"1286 Ystad","2017",14078
"1287 Trelleborg","2008",19002
"1287 Trelleborg","2009",18560
"1287 Trelleborg","2010",19047
"1287 Trelleborg","2011",19507
"1287 Trelleborg","2012",19623
"1287 Trelleborg","2013",19608
"1287 Trelleborg","2014",19654
"1287 Trelleborg","2015",19771
"1287 Trelleborg","2016",20262
"1287 Trelleborg","2017",20721
"1290 Kristianstad","2008",35636
"1290 Kristianstad","2009",34551
"1290 Kristianstad","2010",35418
"1290 Kristianstad","2011",36185
"1290 Kristianstad","2012",36281
"1290 Kristianstad","2013",36391
"1290 Kristianstad","2014",36712
"1290 Kristianstad","2015",37323
"1290 Kristianstad","2016",38141
"1290 Kristianstad","2017",38806
"1291 Simrishamn","2008",8377
"1291 Simrishamn","2009",8081
"1291 Simrishamn","2010",8202
"1291 Simrishamn","2011",8386
"1291 Simrishamn","2012",8396
"1291 Simrishamn","2013",8361
"1291 Simrishamn","2014",8263
"1291 Simrishamn","2015",8357
"1291 Simrishamn","2016",8343
"1291 Simrishamn","2017",8403
"1292 Ängelholm","2008",18713
"1292 Ängelholm","2009",18272
"1292 Ängelholm","2010",18625
"1292 Ängelholm","2011",19131
"1292 Ängelholm","2012",19237
"1292 Ängelholm","2013",19272
"1292 Ängelholm","2014",19457
"1292 Ängelholm","2015",19774
"1292 Ängelholm","2016",20097
"1292 Ängelholm","2017",20254
"1293 Hässleholm","2008",22844
"1293 Hässleholm","2009",21967
"1293 Hässleholm","2010",22250
"1293 Hässleholm","2011",22806
"1293 Hässleholm","2012",22648
"1293 Hässleholm","2013",22757
"1293 Hässleholm","2014",22962
"1293 Hässleholm","2015",23263
"1293 Hässleholm","2016",23756
"1293 Hässleholm","2017",23980
"1315 Hylte","2008",4976
"1315 Hylte","2009",4736
"1315 Hylte","2010",4790
"1315 Hylte","2011",4940
"1315 Hylte","2012",4919
"1315 Hylte","2013",4827
"1315 Hylte","2014",4814
"1315 Hylte","2015",4812
"1315 Hylte","2016",4959
"1315 Hylte","2017",5074
"1380 Halmstad","2008",43444
"1380 Halmstad","2009",41949
"1380 Halmstad","2010",43240
"1380 Halmstad","2011",44010
"1380 Halmstad","2012",44679
"1380 Halmstad","2013",44989
"1380 Halmstad","2014",45331
"1380 Halmstad","2015",46120
"1380 Halmstad","2016",47483
"1380 Halmstad","2017",48543
"1381 Laholm","2008",11177
"1381 Laholm","2009",10788
"1381 Laholm","2010",11061
"1381 Laholm","2011",11478
"1381 Laholm","2012",11473
"1381 Laholm","2013",11335
"1381 Laholm","2014",11423
"1381 Laholm","2015",11637
"1381 Laholm","2016",11813
"1381 Laholm","2017",12094
"1382 Falkenberg","2008",19495
"1382 Falkenberg","2009",19062
"1382 Falkenberg","2010",19506
"1382 Falkenberg","2011",20259
"1382 Falkenberg","2012",20520
"1382 Falkenberg","2013",20631
"1382 Falkenberg","2014",20791
"1382 Falkenberg","2015",20995
"1382 Falkenberg","2016",21332
"1382 Falkenberg","2017",21725
"1383 Varberg","2008",28451
"1383 Varberg","2009",28115
"1383 Varberg","2010",28771
"1383 Varberg","2011",29599
"1383 Varberg","2012",30073
"1383 Varberg","2013",30383
"1383 Varberg","2014",30522
"1383 Varberg","2015",30939
"1383 Varberg","2016",31301
"1383 Varberg","2017",31893
"1384 Kungsbacka","2008",36565
"1384 Kungsbacka","2009",36127
"1384 Kungsbacka","2010",36939
"1384 Kungsbacka","2011",38161
"1384 Kungsbacka","2012",38814
"1384 Kungsbacka","2013",39204
"1384 Kungsbacka","2014",39399
"1384 Kungsbacka","2015",40190
"1384 Kungsbacka","2016",41162
"1384 Kungsbacka","2017",42198
"1401 Härryda","2008",17060
"1401 Härryda","2009",16662
"1401 Härryda","2010",17194
"1401 Härryda","2011",17598
"1401 Härryda","2012",17866
"1401 Härryda","2013",18158
"1401 Härryda","2014",18372
"1401 Härryda","2015",18638
"1401 Härryda","2016",19050
"1401 Härryda","2017",19329
"1402 Partille","2008",16665
"1402 Partille","2009",16312
"1402 Partille","2010",16890
"1402 Partille","2011",17374
"1402 Partille","2012",17640
"1402 Partille","2013",17865
"1402 Partille","2014",18051
"1402 Partille","2015",18539
"1402 Partille","2016",18854
"1402 Partille","2017",19188
"1407 Öckerö","2008",6075
"1407 Öckerö","2009",5910
"1407 Öckerö","2010",6010
"1407 Öckerö","2011",6132
"1407 Öckerö","2012",6192
"1407 Öckerö","2013",6254
"1407 Öckerö","2014",6226
"1407 Öckerö","2015",6268
"1407 Öckerö","2016",6350
"1407 Öckerö","2017",6447
"1415 Stenungsund","2008",11879
"1415 Stenungsund","2009",11709
"1415 Stenungsund","2010",12003
"1415 Stenungsund","2011",12425
"1415 Stenungsund","2012",12593
"1415 Stenungsund","2013",12641
"1415 Stenungsund","2014",12820
"1415 Stenungsund","2015",12932
"1415 Stenungsund","2016",13211
"1415 Stenungsund","2017",13557
"1419 Tjörn","2008",7368
"1419 Tjörn","2009",7211
"1419 Tjörn","2010",7404
"1419 Tjörn","2011",7572
"1419 Tjörn","2012",7621
"1419 Tjörn","2013",7636
"1419 Tjörn","2014",7665
"1419 Tjörn","2015",7630
"1419 Tjörn","2016",7856
"1419 Tjörn","2017",7942
"1421 Orust","2008",7485
"1421 Orust","2009",7241
"1421 Orust","2010",7325
"1421 Orust","2011",7483
"1421 Orust","2012",7463
"1421 Orust","2013",7362
"1421 Orust","2014",7280
"1421 Orust","2015",7267
"1421 Orust","2016",7353
"1421 Orust","2017",7413
"1427 Sotenäs","2008",4279
"1427 Sotenäs","2009",4173
"1427 Sotenäs","2010",4188
"1427 Sotenäs","2011",4269
"1427 Sotenäs","2012",4288
"1427 Sotenäs","2013",4252
"1427 Sotenäs","2014",4184
"1427 Sotenäs","2015",4286
"1427 Sotenäs","2016",4342
"1427 Sotenäs","2017",4367
"1430 Munkedal","2008",4696
"1430 Munkedal","2009",4515
"1430 Munkedal","2010",4557
"1430 Munkedal","2011",4728
"1430 Munkedal","2012",4776
"1430 Munkedal","2013",4784
"1430 Munkedal","2014",4776
"1430 Munkedal","2015",4782
"1430 Munkedal","2016",4927
"1430 Munkedal","2017",4952
"1435 Tanum","2008",5790
"1435 Tanum","2009",5616
"1435 Tanum","2010",5780
"1435 Tanum","2011",5986
"1435 Tanum","2012",6005
"1435 Tanum","2013",5994
"1435 Tanum","2014",5931
"1435 Tanum","2015",6033
"1435 Tanum","2016",6095
"1435 Tanum","2017",6122
"1438 Dals-Ed","2008",2154
"1438 Dals-Ed","2009",2036
"1438 Dals-Ed","2010",2083
"1438 Dals-Ed","2011",2155
"1438 Dals-Ed","2012",2161
"1438 Dals-Ed","2013",2175
"1438 Dals-Ed","2014",2158
"1438 Dals-Ed","2015",2173
"1438 Dals-Ed","2016",2161
"1438 Dals-Ed","2017",2199
"1439 Färgelanda","2008",3110
"1439 Färgelanda","2009",2894
"1439 Färgelanda","2010",2953
"1439 Färgelanda","2011",3109
"1439 Färgelanda","2012",3097
"1439 Färgelanda","2013",3079
"1439 Färgelanda","2014",3020
"1439 Färgelanda","2015",3035
"1439 Färgelanda","2016",3107
"1439 Färgelanda","2017",3157
"1440 Ale","2008",13561
"1440 Ale","2009",13049
"1440 Ale","2010",13201
"1440 Ale","2011",13575
"1440 Ale","2012",13797
"1440 Ale","2013",13934
"1440 Ale","2014",14063
"1440 Ale","2015",14467
"1440 Ale","2016",15032
"1440 Ale","2017",15443
"1441 Lerum","2008",18954
"1441 Lerum","2009",18473
"1441 Lerum","2010",18940
"1441 Lerum","2011",19275
"1441 Lerum","2012",19509
"1441 Lerum","2013",19649
"1441 Lerum","2014",19864
"1441 Lerum","2015",20260
"1441 Lerum","2016",20587
"1441 Lerum","2017",21026
"1442 Vårgårda","2008",5493
"1442 Vårgårda","2009",5296
"1442 Vårgårda","2010",5395
"1442 Vårgårda","2011",5554
"1442 Vårgårda","2012",5600
"1442 Vårgårda","2013",5602
"1442 Vårgårda","2014",5580
"1442 Vårgårda","2015",5658
"1442 Vårgårda","2016",5761
"1442 Vårgårda","2017",5909
"1443 Bollebygd","2008",4256
"1443 Bollebygd","2009",4066
"1443 Bollebygd","2010",4177
"1443 Bollebygd","2011",4278
"1443 Bollebygd","2012",4388
"1443 Bollebygd","2013",4406
"1443 Bollebygd","2014",4435
"1443 Bollebygd","2015",4477
"1443 Bollebygd","2016",4692
"1443 Bollebygd","2017",4758
"1444 Grästorp","2008",2824
"1444 Grästorp","2009",2706
"1444 Grästorp","2010",2742
"1444 Grästorp","2011",2763
"1444 Grästorp","2012",2759
"1444 Grästorp","2013",2746
"1444 Grästorp","2014",2743
"1444 Grästorp","2015",2795
"1444 Grästorp","2016",2842
"1444 Grästorp","2017",2864
"1445 Essunga","2008",2780
"1445 Essunga","2009",2604
"1445 Essunga","2010",2650
"1445 Essunga","2011",2707
"1445 Essunga","2012",2717
"1445 Essunga","2013",2710
"1445 Essunga","2014",2663
"1445 Essunga","2015",2732
"1445 Essunga","2016",2737
"1445 Essunga","2017",2787
"1446 Karlsborg","2008",3131
"1446 Karlsborg","2009",3040
"1446 Karlsborg","2010",3074
"1446 Karlsborg","2011",3169
"1446 Karlsborg","2012",3239
"1446 Karlsborg","2013",3240
"1446 Karlsborg","2014",3203
"1446 Karlsborg","2015",3148
"1446 Karlsborg","2016",3203
"1446 Karlsborg","2017",3247
"1447 Gullspång","2008",2296
"1447 Gullspång","2009",2185
"1447 Gullspång","2010",2216
"1447 Gullspång","2011",2292
"1447 Gullspång","2012",2261
"1447 Gullspång","2013",2242
"1447 Gullspång","2014",2190
"1447 Gullspång","2015",2163
"1447 Gullspång","2016",2194
"1447 Gullspång","2017",2200
"1452 Tranemo","2008",5923
"1452 Tranemo","2009",5562
"1452 Tranemo","2010",5674
"1452 Tranemo","2011",5829
"1452 Tranemo","2012",5808
"1452 Tranemo","2013",5763
"1452 Tranemo","2014",5762
"1452 Tranemo","2015",5793
"1452 Tranemo","2016",5879
"1452 Tranemo","2017",5967
"1460 Bengtsfors","2008",4188
"1460 Bengtsfors","2009",4020
"1460 Bengtsfors","2010",4113
"1460 Bengtsfors","2011",4263
"1460 Bengtsfors","2012",4206
"1460 Bengtsfors","2013",4195
"1460 Bengtsfors","2014",4154
"1460 Bengtsfors","2015",4144
"1460 Bengtsfors","2016",4195
"1460 Bengtsfors","2017",4260
"1461 Mellerud","2008",4042
"1461 Mellerud","2009",3743
"1461 Mellerud","2010",3757
"1461 Mellerud","2011",3910
"1461 Mellerud","2012",3893
"1461 Mellerud","2013",3876
"1461 Mellerud","2014",3902
"1461 Mellerud","2015",3958
"1461 Mellerud","2016",4032
"1461 Mellerud","2017",4113
"1462 Lilla Edet","2008",6062
"1462 Lilla Edet","2009",5864
"1462 Lilla Edet","2010",5894
"1462 Lilla Edet","2011",6026
"1462 Lilla Edet","2012",6056
"1462 Lilla Edet","2013",6157
"1462 Lilla Edet","2014",6249
"1462 Lilla Edet","2015",6381
"1462 Lilla Edet","2016",6749
"1462 Lilla Edet","2017",6976
"1463 Mark","2008",16159
"1463 Mark","2009",15571
"1463 Mark","2010",15924
"1463 Mark","2011",16218
"1463 Mark","2012",16362
"1463 Mark","2013",16347
"1463 Mark","2014",16356
"1463 Mark","2015",16531
"1463 Mark","2016",16849
"1463 Mark","2017",17110
"1465 Svenljunga","2008",4960
"1465 Svenljunga","2009",4738
"1465 Svenljunga","2010",4836
"1465 Svenljunga","2011",5018
"1465 Svenljunga","2012",4932
"1465 Svenljunga","2013",4983
"1465 Svenljunga","2014",4959
"1465 Svenljunga","2015",4989
"1465 Svenljunga","2016",5133
"1465 Svenljunga","2017",5148
"1466 Herrljunga","2008",4540
"1466 Herrljunga","2009",4358
"1466 Herrljunga","2010",4461
"1466 Herrljunga","2011",4603
"1466 Herrljunga","2012",4598
"1466 Herrljunga","2013",4612
"1466 Herrljunga","2014",4639
"1466 Herrljunga","2015",4667
"1466 Herrljunga","2016",4712
"1466 Herrljunga","2017",4759
"1470 Vara","2008",7735
"1470 Vara","2009",7305
"1470 Vara","2010",7418
"1470 Vara","2011",7679
"1470 Vara","2012",7662
"1470 Vara","2013",7609
"1470 Vara","2014",7472
"1470 Vara","2015",7592
"1470 Vara","2016",7734
"1470 Vara","2017",7861
"1471 Götene","2008",6466
"1471 Götene","2009",6271
"1471 Götene","2010",6315
"1471 Götene","2011",6401
"1471 Götene","2012",6387
"1471 Götene","2013",6260
"1471 Götene","2014",6229
"1471 Götene","2015",6346
"1471 Götene","2016",6431
"1471 Götene","2017",6503
"1472 Tibro","2008",4897
"1472 Tibro","2009",4598
"1472 Tibro","2010",4676
"1472 Tibro","2011",4822
"1472 Tibro","2012",4824
"1472 Tibro","2013",4819
"1472 Tibro","2014",4782
"1472 Tibro","2015",4783
"1472 Tibro","2016",4924
"1472 Tibro","2017",5089
"1473 Töreboda","2008",4137
"1473 Töreboda","2009",3931
"1473 Töreboda","2010",3972
"1473 Töreboda","2011",4109
"1473 Töreboda","2012",4083
"1473 Töreboda","2013",4095
"1473 Töreboda","2014",4031
"1473 Töreboda","2015",4110
"1473 Töreboda","2016",4179
"1473 Töreboda","2017",4230
"1480 Göteborg","2008",243723
"1480 Göteborg","2009",235296
"1480 Göteborg","2010",243107
"1480 Göteborg","2011",250450
"1480 Göteborg","2012",255998
"1480 Göteborg","2013",259716
"1480 Göteborg","2014",263430
"1480 Göteborg","2015",271637
"1480 Göteborg","2016",280435
"1480 Göteborg","2017",286749
"1481 Mölndal","2008",30480
"1481 Mölndal","2009",29851
"1481 Mölndal","2010",30528
"1481 Mölndal","2011",30976
"1481 Mölndal","2012",31425
"1481 Mölndal","2013",31673
"1481 Mölndal","2014",32229
"1481 Mölndal","2015",32852
"1481 Mölndal","2016",33788
"1481 Mölndal","2017",34924
"1482 Kungälv","2008",20344
"1482 Kungälv","2009",19918
"1482 Kungälv","2010",20508
"1482 Kungälv","2011",21052
"1482 Kungälv","2012",21262
"1482 Kungälv","2013",21470
"1482 Kungälv","2014",21405
"1482 Kungälv","2015",21765
"1482 Kungälv","2016",22233
"1482 Kungälv","2017",22767
"1484 Lysekil","2008",6644
"1484 Lysekil","2009",6389
"1484 Lysekil","2010",6477
"1484 Lysekil","2011",6551
"1484 Lysekil","2012",6613
"1484 Lysekil","2013",6645
"1484 Lysekil","2014",6503
"1484 Lysekil","2015",6521
"1484 Lysekil","2016",6586
"1484 Lysekil","2017",6627
"1485 Uddevalla","2008",24113
"1485 Uddevalla","2009",23306
"1485 Uddevalla","2010",23835
"1485 Uddevalla","2011",24364
"1485 Uddevalla","2012",24682
"1485 Uddevalla","2013",24726
"1485 Uddevalla","2014",24858
"1485 Uddevalla","2015",25442
"1485 Uddevalla","2016",26221
"1485 Uddevalla","2017",26711
"1486 Strömstad","2008",5281
"1486 Strömstad","2009",5306
"1486 Strömstad","2010",5371
"1486 Strömstad","2011",5526
"1486 Strömstad","2012",5642
"1486 Strömstad","2013",5688
"1486 Strömstad","2014",5637
"1486 Strömstad","2015",5736
"1486 Strömstad","2016",5850
"1486 Strömstad","2017",5898
"1487 Vänersborg","2008",17353
"1487 Vänersborg","2009",16328
"1487 Vänersborg","2010",16672
"1487 Vänersborg","2011",16816
"1487 Vänersborg","2012",16942
"1487 Vänersborg","2013",16952
"1487 Vänersborg","2014",16937
"1487 Vänersborg","2015",17287
"1487 Vänersborg","2016",17724
"1487 Vänersborg","2017",18137
"1488 Trollhättan","2008",25114
"1488 Trollhättan","2009",23715
"1488 Trollhättan","2010",24158
"1488 Trollhättan","2011",24373
"1488 Trollhättan","2012",24777
"1488 Trollhättan","2013",24547
"1488 Trollhättan","2014",25012
"1488 Trollhättan","2015",25629
"1488 Trollhättan","2016",26458
"1488 Trollhättan","2017",27247
"1489 Alingsås","2008",18205
"1489 Alingsås","2009",17573
"1489 Alingsås","2010",17928
"1489 Alingsås","2011",18392
"1489 Alingsås","2012",18642
"1489 Alingsås","2013",18739
"1489 Alingsås","2014",19013
"1489 Alingsås","2015",19372
"1489 Alingsås","2016",19797
"1489 Alingsås","2017",19930
"1490 Borås","2008",48431
"1490 Borås","2009",46652
"1490 Borås","2010",48474
"1490 Borås","2011",49978
"1490 Borås","2012",50387
"1490 Borås","2013",50656
"1490 Borås","2014",51142
"1490 Borås","2015",51886
"1490 Borås","2016",53418
"1490 Borås","2017",54504
"1491 Ulricehamn","2008",11011
"1491 Ulricehamn","2009",10534
"1491 Ulricehamn","2010",10799
"1491 Ulricehamn","2011",11246
"1491 Ulricehamn","2012",11330
"1491 Ulricehamn","2013",11437
"1491 Ulricehamn","2014",11354
"1491 Ulricehamn","2015",11604
"1491 Ulricehamn","2016",11824
"1491 Ulricehamn","2017",12115
"1492 Åmål","2008",5440
"1492 Åmål","2009",5081
"1492 Åmål","2010",5095
"1492 Åmål","2011",5269
"1492 Åmål","2012",5279
"1492 Åmål","2013",5291
"1492 Åmål","2014",5199
"1492 Åmål","2015",5297
"1492 Åmål","2016",5403
"1492 Åmål","2017",5480
"1493 Mariestad","2008",10978
"1493 Mariestad","2009",10354
"1493 Mariestad","2010",10646
"1493 Mariestad","2011",10922
"1493 Mariestad","2012",10777
"1493 Mariestad","2013",10812
"1493 Mariestad","2014",10772
"1493 Mariestad","2015",10973
"1493 Mariestad","2016",11213
"1493 Mariestad","2017",11349
"1494 Lidköping","2008",18812
"1494 Lidköping","2009",18167
"1494 Lidköping","2010",18382
"1494 Lidköping","2011",18800
"1494 Lidköping","2012",18846
"1494 Lidköping","2013",18701
"1494 Lidköping","2014",18773
"1494 Lidköping","2015",19013
"1494 Lidköping","2016",19331
"1494 Lidköping","2017",19672
"1495 Skara","2008",8951
"1495 Skara","2009",8503
"1495 Skara","2010",8571
"1495 Skara","2011",8642
"1495 Skara","2012",8698
"1495 Skara","2013",8637
"1495 Skara","2014",8700
"1495 Skara","2015",8704
"1495 Skara","2016",8975
"1495 Skara","2017",9075
"1496 Skövde","2008",25113
"1496 Skövde","2009",23993
"1496 Skövde","2010",24653
"1496 Skövde","2011",25637
"1496 Skövde","2012",26074
"1496 Skövde","2013",26287
"1496 Skövde","2014",26349
"1496 Skövde","2015",26536
"1496 Skövde","2016",27345
"1496 Skövde","2017",27960
"1497 Hjo","2008",4253
"1497 Hjo","2009",4082
"1497 Hjo","2010",4132
"1497 Hjo","2011",4158
"1497 Hjo","2012",4225
"1497 Hjo","2013",4187
"1497 Hjo","2014",4160
"1497 Hjo","2015",4228
"1497 Hjo","2016",4294
"1497 Hjo","2017",4355
"1498 Tidaholm","2008",6012
"1498 Tidaholm","2009",5697
"1498 Tidaholm","2010",5771
"1498 Tidaholm","2011",6038
"1498 Tidaholm","2012",6063
"1498 Tidaholm","2013",6063
"1498 Tidaholm","2014",6009
"1498 Tidaholm","2015",6009
"1498 Tidaholm","2016",6106
"1498 Tidaholm","2017",6160
"1499 Falköping","2008",14998
"1499 Falköping","2009",14338
"1499 Falköping","2010",14493
"1499 Falköping","2011",14975
"1499 Falköping","2012",15060
"1499 Falköping","2013",15037
"1499 Falköping","2014",14935
"1499 Falköping","2015",15006
"1499 Falköping","2016",15308
"1499 Falköping","2017",15573
"1715 Kil","2008",5402
"1715 Kil","2009",5176
"1715 Kil","2010",5298
"1715 Kil","2011",5498
"1715 Kil","2012",5511
"1715 Kil","2013",5459
"1715 Kil","2014",5457
"1715 Kil","2015",5422
"1715 Kil","2016",5494
"1715 Kil","2017",5632
"1730 Eda","2008",3406
"1730 Eda","2009",3190
"1730 Eda","2010",3227
"1730 Eda","2011",3376
"1730 Eda","2012",3354
"1730 Eda","2013",3354
"1730 Eda","2014",3373
"1730 Eda","2015",3414
"1730 Eda","2016",3420
"1730 Eda","2017",3523
"1737 Torsby","2008",5405
"1737 Torsby","2009",5138
"1737 Torsby","2010",5267
"1737 Torsby","2011",5556
"1737 Torsby","2012",5549
"1737 Torsby","2013",5496
"1737 Torsby","2014",5434
"1737 Torsby","2015",5442
"1737 Torsby","2016",5514
"1737 Torsby","2017",5602
"1760 Storfors","2008",1934
"1760 Storfors","2009",1776
"1760 Storfors","2010",1769
"1760 Storfors","2011",1814
"1760 Storfors","2012",1799
"1760 Storfors","2013",1755
"1760 Storfors","2014",1701
"1760 Storfors","2015",1734
"1760 Storfors","2016",1751
"1760 Storfors","2017",1795
"1761 Hammarö","2008",7039
"1761 Hammarö","2009",6914
"1761 Hammarö","2010",7087
"1761 Hammarö","2011",7186
"1761 Hammarö","2012",7258
"1761 Hammarö","2013",7251
"1761 Hammarö","2014",7282
"1761 Hammarö","2015",7460
"1761 Hammarö","2016",7660
"1761 Hammarö","2017",7960
"1762 Munkfors","2008",1545
"1762 Munkfors","2009",1452
"1762 Munkfors","2010",1482
"1762 Munkfors","2011",1533
"1762 Munkfors","2012",1520
"1762 Munkfors","2013",1477
"1762 Munkfors","2014",1505
"1762 Munkfors","2015",1503
"1762 Munkfors","2016",1546
"1762 Munkfors","2017",1582
"1763 Forshaga","2008",4951
"1763 Forshaga","2009",4761
"1763 Forshaga","2010",4860
"1763 Forshaga","2011",4926
"1763 Forshaga","2012",4988
"1763 Forshaga","2013",4930
"1763 Forshaga","2014",4933
"1763 Forshaga","2015",5061
"1763 Forshaga","2016",5180
"1763 Forshaga","2017",5282
"1764 Grums","2008",4003
"1764 Grums","2009",3828
"1764 Grums","2010",3850
"1764 Grums","2011",3951
"1764 Grums","2012",3945
"1764 Grums","2013",3915
"1764 Grums","2014",3907
"1764 Grums","2015",3944
"1764 Grums","2016",3951
"1764 Grums","2017",4019
"1765 Årjäng","2008",4178
"1765 Årjäng","2009",3936
"1765 Årjäng","2010",3952
"1765 Årjäng","2011",4148
"1765 Årjäng","2012",4277
"1765 Årjäng","2013",4254
"1765 Årjäng","2014",4184
"1765 Årjäng","2015",4257
"1765 Årjäng","2016",4276
"1765 Årjäng","2017",4413
"1766 Sunne","2008",6094
"1766 Sunne","2009",5846
"1766 Sunne","2010",6066
"1766 Sunne","2011",6353
"1766 Sunne","2012",6446
"1766 Sunne","2013",6396
"1766 Sunne","2014",6375
"1766 Sunne","2015",6416
"1766 Sunne","2016",6598
"1766 Sunne","2017",6673
"1780 Karlstad","2008",40085
"1780 Karlstad","2009",38905
"1780 Karlstad","2010",40134
"1780 Karlstad","2011",41140
"1780 Karlstad","2012",41653
"1780 Karlstad","2013",42051
"1780 Karlstad","2014",42166
"1780 Karlstad","2015",43211
"1780 Karlstad","2016",44081
"1780 Karlstad","2017",44769
"1781 Kristinehamn","2008",10569
"1781 Kristinehamn","2009",10046
"1781 Kristinehamn","2010",10185
"1781 Kristinehamn","2011",10253
"1781 Kristinehamn","2012",10253
"1781 Kristinehamn","2013",10245
"1781 Kristinehamn","2014",10195
"1781 Kristinehamn","2015",10287
"1781 Kristinehamn","2016",10448
"1781 Kristinehamn","2017",10539
"1782 Filipstad","2008",4466
"1782 Filipstad","2009",4227
"1782 Filipstad","2010",4300
"1782 Filipstad","2011",4409
"1782 Filipstad","2012",4408
"1782 Filipstad","2013",4375
"1782 Filipstad","2014",4309
"1782 Filipstad","2015",4264
"1782 Filipstad","2016",4372
"1782 Filipstad","2017",4422
"1783 Hagfors","2008",5410
"1783 Hagfors","2009",4981
"1783 Hagfors","2010",5199
"1783 Hagfors","2011",5340
"1783 Hagfors","2012",5293
"1783 Hagfors","2013",5246
"1783 Hagfors","2014",5190
"1783 Hagfors","2015",5225
"1783 Hagfors","2016",5268
"1783 Hagfors","2017",5270
"1784 Arvika","2008",11787
"1784 Arvika","2009",11067
"1784 Arvika","2010",11368
"1784 Arvika","2011",11678
"1784 Arvika","2012",11710
"1784 Arvika","2013",11754
"1784 Arvika","2014",11691
"1784 Arvika","2015",11723
"1784 Arvika","2016",11825
"1784 Arvika","2017",11966
"1785 Säffle","2008",6868
"1785 Säffle","2009",6529
"1785 Säffle","2010",6528
"1785 Säffle","2011",6758
"1785 Säffle","2012",6779
"1785 Säffle","2013",6619
"1785 Säffle","2014",6495
"1785 Säffle","2015",6589
"1785 Säffle","2016",6667
"1785 Säffle","2017",6839
"1814 Lekeberg","2008",3509
"1814 Lekeberg","2009",3395
"1814 Lekeberg","2010",3454
"1814 Lekeberg","2011",3602
"1814 Lekeberg","2012",3656
"1814 Lekeberg","2013",3651
"1814 Lekeberg","2014",3669
"1814 Lekeberg","2015",3731
"1814 Lekeberg","2016",3801
"1814 Lekeberg","2017",3971
"1860 Laxå","2008",2696
"1860 Laxå","2009",2480
"1860 Laxå","2010",2563
"1860 Laxå","2011",2651
"1860 Laxå","2012",2548
"1860 Laxå","2013",2463
"1860 Laxå","2014",2407
"1860 Laxå","2015",2439
"1860 Laxå","2016",2476
"1860 Laxå","2017",2472
"1861 Hallsberg","2008",7124
"1861 Hallsberg","2009",6732
"1861 Hallsberg","2010",6852
"1861 Hallsberg","2011",7057
"1861 Hallsberg","2012",7055
"1861 Hallsberg","2013",7100
"1861 Hallsberg","2014",7081
"1861 Hallsberg","2015",7269
"1861 Hallsberg","2016",7315
"1861 Hallsberg","2017",7424
"1862 Degerfors","2008",4308
"1862 Degerfors","2009",4008
"1862 Degerfors","2010",4055
"1862 Degerfors","2011",4132
"1862 Degerfors","2012",4118
"1862 Degerfors","2013",4104
"1862 Degerfors","2014",4084
"1862 Degerfors","2015",4095
"1862 Degerfors","2016",4169
"1862 Degerfors","2017",4183
"1863 Hällefors","2008",3032
"1863 Hällefors","2009",2842
"1863 Hällefors","2010",2905
"1863 Hällefors","2011",2922
"1863 Hällefors","2012",2851
"1863 Hällefors","2013",2859
"1863 Hällefors","2014",2879
"1863 Hällefors","2015",2825
"1863 Hällefors","2016",2878
"1863 Hällefors","2017",2876
"1864 Ljusnarsberg","2008",2026
"1864 Ljusnarsberg","2009",1921
"1864 Ljusnarsberg","2010",1914
"1864 Ljusnarsberg","2011",2000
"1864 Ljusnarsberg","2012",1975
"1864 Ljusnarsberg","2013",1965
"1864 Ljusnarsberg","2014",1936
"1864 Ljusnarsberg","2015",1926
"1864 Ljusnarsberg","2016",1954
"1864 Ljusnarsberg","2017",1950
"1880 Örebro","2008",63030
"1880 Örebro","2009",61131
"1880 Örebro","2010",63195
"1880 Örebro","2011",64827
"1880 Örebro","2012",65886
"1880 Örebro","2013",66869
"1880 Örebro","2014",67578
"1880 Örebro","2015",69072
"1880 Örebro","2016",71097
"1880 Örebro","2017",73479
"1881 Kumla","2008",9570
"1881 Kumla","2009",9166
"1881 Kumla","2010",9497
"1881 Kumla","2011",9725
"1881 Kumla","2012",9909
"1881 Kumla","2013",9893
"1881 Kumla","2014",9956
"1881 Kumla","2015",10079
"1881 Kumla","2016",10291
"1881 Kumla","2017",10456
"1882 Askersund","2008",5317
"1882 Askersund","2009",5098
"1882 Askersund","2010",5138
"1882 Askersund","2011",5214
"1882 Askersund","2012",5184
"1882 Askersund","2013",5224
"1882 Askersund","2014",5225
"1882 Askersund","2015",5226
"1882 Askersund","2016",5299
"1882 Askersund","2017",5351
"1883 Karlskoga","2008",13565
"1883 Karlskoga","2009",12814
"1883 Karlskoga","2010",12919
"1883 Karlskoga","2011",13147
"1883 Karlskoga","2012",13267
"1883 Karlskoga","2013",13199
"1883 Karlskoga","2014",13236
"1883 Karlskoga","2015",13332
"1883 Karlskoga","2016",13545
"1883 Karlskoga","2017",13619
"1884 Nora","2008",4704
"1884 Nora","2009",4512
"1884 Nora","2010",4659
"1884 Nora","2011",4754
"1884 Nora","2012",4699
"1884 Nora","2013",4738
"1884 Nora","2014",4686
"1884 Nora","2015",4754
"1884 Nora","2016",4822
"1884 Nora","2017",4920
"1885 Lindesberg","2008",10853
"1885 Lindesberg","2009",10081
"1885 Lindesberg","2010",10314
"1885 Lindesberg","2011",10678
"1885 Lindesberg","2012",10665
"1885 Lindesberg","2013",10676
"1885 Lindesberg","2014",10567
"1885 Lindesberg","2015",10707
"1885 Lindesberg","2016",10865
"1885 Lindesberg","2017",10849
"1904 Skinnskatteberg","2008",2029
"1904 Skinnskatteberg","2009",1926
"1904 Skinnskatteberg","2010",1901
"1904 Skinnskatteberg","2011",1948
"1904 Skinnskatteberg","2012",1921
"1904 Skinnskatteberg","2013",1937
"1904 Skinnskatteberg","2014",1919
"1904 Skinnskatteberg","2015",1912
"1904 Skinnskatteberg","2016",1930
"1904 Skinnskatteberg","2017",1958
"1907 Surahammar","2008",4601
"1907 Surahammar","2009",4341
"1907 Surahammar","2010",4414
"1907 Surahammar","2011",4434
"1907 Surahammar","2012",4398
"1907 Surahammar","2013",4301
"1907 Surahammar","2014",4340
"1907 Surahammar","2015",4399
"1907 Surahammar","2016",4423
"1907 Surahammar","2017",4429
"1960 Kungsör","2008",3799
"1960 Kungsör","2009",3606
"1960 Kungsör","2010",3653
"1960 Kungsör","2011",3720
"1960 Kungsör","2012",3666
"1960 Kungsör","2013",3667
"1960 Kungsör","2014",3651
"1960 Kungsör","2015",3645
"1960 Kungsör","2016",3682
"1960 Kungsör","2017",3739
"1961 Hallstahammar","2008",6695
"1961 Hallstahammar","2009",6370
"1961 Hallstahammar","2010",6502
"1961 Hallstahammar","2011",6676
"1961 Hallstahammar","2012",6644
"1961 Hallstahammar","2013",6760
"1961 Hallstahammar","2014",6774
"1961 Hallstahammar","2015",6914
"1961 Hallstahammar","2016",7072
"1961 Hallstahammar","2017",7227
"1962 Norberg","2008",2627
"1962 Norberg","2009",2486
"1962 Norberg","2010",2524
"1962 Norberg","2011",2561
"1962 Norberg","2012",2547
"1962 Norberg","2013",2495
"1962 Norberg","2014",2476
"1962 Norberg","2015",2506
"1962 Norberg","2016",2562
"1962 Norberg","2017",2566
"1980 Västerås","2008",63174
"1980 Västerås","2009",61417
"1980 Västerås","2010",62995
"1980 Västerås","2011",64784
"1980 Västerås","2012",65924
"1980 Västerås","2013",66888
"1980 Västerås","2014",67358
"1980 Västerås","2015",68501
"1980 Västerås","2016",69968
"1980 Västerås","2017",71545
"1981 Sala","2008",10051
"1981 Sala","2009",9814
"1981 Sala","2010",9992
"1981 Sala","2011",10268
"1981 Sala","2012",10227
"1981 Sala","2013",10329
"1981 Sala","2014",10322
"1981 Sala","2015",10283
"1981 Sala","2016",10497
"1981 Sala","2017",10600
"1982 Fagersta","2008",5602
"1982 Fagersta","2009",5216
"1982 Fagersta","2010",5450
"1982 Fagersta","2011",5500
"1982 Fagersta","2012",5512
"1982 Fagersta","2013",5576
"1982 Fagersta","2014",5570
"1982 Fagersta","2015",5666
"1982 Fagersta","2016",5777
"1982 Fagersta","2017",5842
"1983 Köping","2008",11514
"1983 Köping","2009",10556
"1983 Köping","2010",10813
"1983 Köping","2011",11125
"1983 Köping","2012",11155
"1983 Köping","2013",11330
"1983 Köping","2014",11409
"1983 Köping","2015",11444
"1983 Köping","2016",11686
"1983 Köping","2017",11797
"1984 Arboga","2008",6018
"1984 Arboga","2009",5586
"1984 Arboga","2010",5722
"1984 Arboga","2011",5860
"1984 Arboga","2012",5921
"1984 Arboga","2013",5966
"1984 Arboga","2014",6049
"1984 Arboga","2015",6086
"1984 Arboga","2016",6221
"1984 Arboga","2017",6349
"2021 Vansbro","2008",3066
"2021 Vansbro","2009",2950
"2021 Vansbro","2010",2974
"2021 Vansbro","2011",3096
"2021 Vansbro","2012",3086
"2021 Vansbro","2013",3074
"2021 Vansbro","2014",3070
"2021 Vansbro","2015",3098
"2021 Vansbro","2016",3141
"2021 Vansbro","2017",3187
"2023 Malung-Sälen","2008",4891
"2023 Malung-Sälen","2009",4753
"2023 Malung-Sälen","2010",4843
"2023 Malung-Sälen","2011",4948
"2023 Malung-Sälen","2012",4939
"2023 Malung-Sälen","2013",4935
"2023 Malung-Sälen","2014",4852
"2023 Malung-Sälen","2015",4936
"2023 Malung-Sälen","2016",4938
"2023 Malung-Sälen","2017",5028
"2026 Gagnef","2008",4769
"2026 Gagnef","2009",4623
"2026 Gagnef","2010",4723
"2026 Gagnef","2011",4893
"2026 Gagnef","2012",4894
"2026 Gagnef","2013",4839
"2026 Gagnef","2014",4828
"2026 Gagnef","2015",4823
"2026 Gagnef","2016",4898
"2026 Gagnef","2017",4966
"2029 Leksand","2008",7142
"2029 Leksand","2009",6987
"2029 Leksand","2010",7063
"2029 Leksand","2011",7123
"2029 Leksand","2012",7303
"2029 Leksand","2013",7296
"2029 Leksand","2014",7348
"2029 Leksand","2015",7404
"2029 Leksand","2016",7478
"2029 Leksand","2017",7581
"2031 Rättvik","2008",4859
"2031 Rättvik","2009",4692
"2031 Rättvik","2010",4766
"2031 Rättvik","2011",4855
"2031 Rättvik","2012",4991
"2031 Rättvik","2013",4959
"2031 Rättvik","2014",4983
"2031 Rättvik","2015",5022
"2031 Rättvik","2016",5040
"2031 Rättvik","2017",5089
"2034 Orsa","2008",3058
"2034 Orsa","2009",2930
"2034 Orsa","2010",2931
"2034 Orsa","2011",2969
"2034 Orsa","2012",3047
"2034 Orsa","2013",3077
"2034 Orsa","2014",3065
"2034 Orsa","2015",3073
"2034 Orsa","2016",3132
"2034 Orsa","2017",3218
"2039 Älvdalen","2008",3312
"2039 Älvdalen","2009",3228
"2039 Älvdalen","2010",3263
"2039 Älvdalen","2011",3294
"2039 Älvdalen","2012",3297
"2039 Älvdalen","2013",3299
"2039 Älvdalen","2014",3269
"2039 Älvdalen","2015",3231
"2039 Älvdalen","2016",3318
"2039 Älvdalen","2017",3353
"2061 Smedjebacken","2008",5039
"2061 Smedjebacken","2009",4795
"2061 Smedjebacken","2010",4833
"2061 Smedjebacken","2011",4955
"2061 Smedjebacken","2012",5013
"2061 Smedjebacken","2013",5038
"2061 Smedjebacken","2014",4990
"2061 Smedjebacken","2015",5002
"2061 Smedjebacken","2016",5015
"2061 Smedjebacken","2017",5070
"2062 Mora","2008",9676
"2062 Mora","2009",9336
"2062 Mora","2010",9447
"2062 Mora","2011",9594
"2062 Mora","2012",9758
"2062 Mora","2013",9829
"2062 Mora","2014",9791
"2062 Mora","2015",9753
"2062 Mora","2016",9819
"2062 Mora","2017",9966
"2080 Falun","2008",26924
"2080 Falun","2009",26150
"2080 Falun","2010",26580
"2080 Falun","2011",27278
"2080 Falun","2012",27498
"2080 Falun","2013",27746
"2080 Falun","2014",27652
"2080 Falun","2015",27905
"2080 Falun","2016",28324
"2080 Falun","2017",28677
"2081 Borlänge","2008",22371
"2081 Borlänge","2009",21430
"2081 Borlänge","2010",21970
"2081 Borlänge","2011",22392
"2081 Borlänge","2012",22595
"2081 Borlänge","2013",22761
"2081 Borlänge","2014",22997
"2081 Borlänge","2015",23214
"2081 Borlänge","2016",23586
"2081 Borlänge","2017",23977
"2082 Säter","2008",5336
"2082 Säter","2009",5170
"2082 Säter","2010",5277
"2082 Säter","2011",5386
"2082 Säter","2012",5373
"2082 Säter","2013",5338
"2082 Säter","2014",5366
"2082 Säter","2015",5478
"2082 Säter","2016",5502
"2082 Säter","2017",5521
"2083 Hedemora","2008",7073
"2083 Hedemora","2009",6761
"2083 Hedemora","2010",6892
"2083 Hedemora","2011",7079
"2083 Hedemora","2012",6947
"2083 Hedemora","2013",6879
"2083 Hedemora","2014",6912
"2083 Hedemora","2015",6992
"2083 Hedemora","2016",7035
"2083 Hedemora","2017",7077
"2084 Avesta","2008",10180
"2084 Avesta","2009",9782
"2084 Avesta","2010",9867
"2084 Avesta","2011",10051
"2084 Avesta","2012",10001
"2084 Avesta","2013",9845
"2084 Avesta","2014",9941
"2084 Avesta","2015",9999
"2084 Avesta","2016",10251
"2084 Avesta","2017",10357
"2085 Ludvika","2008",11426
"2085 Ludvika","2009",11218
"2085 Ludvika","2010",11363
"2085 Ludvika","2011",11596
"2085 Ludvika","2012",11656
"2085 Ludvika","2013",11652
"2085 Ludvika","2014",11689
"2085 Ludvika","2015",11658
"2085 Ludvika","2016",11859
"2085 Ludvika","2017",11952
"2101 Ockelbo","2008",2837
"2101 Ockelbo","2009",2742
"2101 Ockelbo","2010",2759
"2101 Ockelbo","2011",2838
"2101 Ockelbo","2012",2780
"2101 Ockelbo","2013",2750
"2101 Ockelbo","2014",2732
"2101 Ockelbo","2015",2720
"2101 Ockelbo","2016",2721
"2101 Ockelbo","2017",2725
"2104 Hofors","2008",4475
"2104 Hofors","2009",4172
"2104 Hofors","2010",4265
"2104 Hofors","2011",4355
"2104 Hofors","2012",4334
"2104 Hofors","2013",4288
"2104 Hofors","2014",4275
"2104 Hofors","2015",4217
"2104 Hofors","2016",4290
"2104 Hofors","2017",4336
"2121 Ovanåker","2008",5525
"2121 Ovanåker","2009",5191
"2121 Ovanåker","2010",5268
"2121 Ovanåker","2011",5451
"2121 Ovanåker","2012",5364
"2121 Ovanåker","2013",5311
"2121 Ovanåker","2014",5324
"2121 Ovanåker","2015",5291
"2121 Ovanåker","2016",5423
"2121 Ovanåker","2017",5561
"2132 Nordanstig","2008",4373
"2132 Nordanstig","2009",4208
"2132 Nordanstig","2010",4268
"2132 Nordanstig","2011",4453
"2132 Nordanstig","2012",4461
"2132 Nordanstig","2013",4430
"2132 Nordanstig","2014",4473
"2132 Nordanstig","2015",4509
"2132 Nordanstig","2016",4520
"2132 Nordanstig","2017",4522
"2161 Ljusdal","2008",8618
"2161 Ljusdal","2009",8328
"2161 Ljusdal","2010",8495
"2161 Ljusdal","2011",8735
"2161 Ljusdal","2012",8775
"2161 Ljusdal","2013",8805
"2161 Ljusdal","2014",8815
"2161 Ljusdal","2015",8783
"2161 Ljusdal","2016",8832
"2161 Ljusdal","2017",8849
"2180 Gävle","2008",44377
"2180 Gävle","2009",42916
"2180 Gävle","2010",43724
"2180 Gävle","2011",44358
"2180 Gävle","2012",44649
"2180 Gävle","2013",45234
"2180 Gävle","2014",45393
"2180 Gävle","2015",46289
"2180 Gävle","2016",47261
"2180 Gävle","2017",47950
"2181 Sandviken","2008",17171
"2181 Sandviken","2009",16076
"2181 Sandviken","2010",16386
"2181 Sandviken","2011",16716
"2181 Sandviken","2012",16710
"2181 Sandviken","2013",16661
"2181 Sandviken","2014",16790
"2181 Sandviken","2015",16742
"2181 Sandviken","2016",16999
"2181 Sandviken","2017",17254
"2182 Söderhamn","2008",11010
"2182 Söderhamn","2009",10553
"2182 Söderhamn","2010",10904
"2182 Söderhamn","2011",11080
"2182 Söderhamn","2012",11139
"2182 Söderhamn","2013",11204
"2182 Söderhamn","2014",10976
"2182 Söderhamn","2015",11066
"2182 Söderhamn","2016",11291
"2182 Söderhamn","2017",11391
"2183 Bollnäs","2008",11872
"2183 Bollnäs","2009",11363
"2183 Bollnäs","2010",11543
"2183 Bollnäs","2011",11880
"2183 Bollnäs","2012",11842
"2183 Bollnäs","2013",11837
"2183 Bollnäs","2014",11797
"2183 Bollnäs","2015",11811
"2183 Bollnäs","2016",12016
"2183 Bollnäs","2017",12211
"2184 Hudiksvall","2008",17011
"2184 Hudiksvall","2009",16364
"2184 Hudiksvall","2010",16902
"2184 Hudiksvall","2011",17321
"2184 Hudiksvall","2012",17346
"2184 Hudiksvall","2013",17202
"2184 Hudiksvall","2014",17155
"2184 Hudiksvall","2015",17329
"2184 Hudiksvall","2016",17437
"2184 Hudiksvall","2017",17789
"2260 Ånge","2008",4593
"2260 Ånge","2009",4440
"2260 Ånge","2010",4430
"2260 Ånge","2011",4572
"2260 Ånge","2012",4500
"2260 Ånge","2013",4450
"2260 Ånge","2014",4443
"2260 Ånge","2015",4420
"2260 Ånge","2016",4459
"2260 Ånge","2017",4500
"2262 Timrå","2008",8402
"2262 Timrå","2009",7996
"2262 Timrå","2010",8112
"2262 Timrå","2011",8194
"2262 Timrå","2012",8287
"2262 Timrå","2013",8351
"2262 Timrå","2014",8267
"2262 Timrå","2015",8341
"2262 Timrå","2016",8514
"2262 Timrå","2017",8620
"2280 Härnösand","2008",11088
"2280 Härnösand","2009",10714
"2280 Härnösand","2010",10888
"2280 Härnösand","2011",11004
"2280 Härnösand","2012",10880
"2280 Härnösand","2013",10981
"2280 Härnösand","2014",10938
"2280 Härnösand","2015",10933
"2280 Härnösand","2016",11020
"2280 Härnösand","2017",11116
"2281 Sundsvall","2008",46167
"2281 Sundsvall","2009",44693
"2281 Sundsvall","2010",45011
"2281 Sundsvall","2011",45867
"2281 Sundsvall","2012",46347
"2281 Sundsvall","2013",46702
"2281 Sundsvall","2014",47054
"2281 Sundsvall","2015",47403
"2281 Sundsvall","2016",48132
"2281 Sundsvall","2017",48737
"2282 Kramfors","2008",8506
"2282 Kramfors","2009",8052
"2282 Kramfors","2010",8111
"2282 Kramfors","2011",8238
"2282 Kramfors","2012",8220
"2282 Kramfors","2013",8235
"2282 Kramfors","2014",8170
"2282 Kramfors","2015",8128
"2282 Kramfors","2016",8189
"2282 Kramfors","2017",8255
"2283 Sollefteå","2008",9078
"2283 Sollefteå","2009",8732
"2283 Sollefteå","2010",8637
"2283 Sollefteå","2011",8791
"2283 Sollefteå","2012",8862
"2283 Sollefteå","2013",8888
"2283 Sollefteå","2014",8873
"2283 Sollefteå","2015",8839
"2283 Sollefteå","2016",8870
"2283 Sollefteå","2017",8809
"2284 Örnsköldsvik","2008",26369
"2284 Örnsköldsvik","2009",25236
"2284 Örnsköldsvik","2010",25402
"2284 Örnsköldsvik","2011",25932
"2284 Örnsköldsvik","2012",26373
"2284 Örnsköldsvik","2013",26585
"2284 Örnsköldsvik","2014",26764
"2284 Örnsköldsvik","2015",26999
"2284 Örnsköldsvik","2016",26844
"2284 Örnsköldsvik","2017",26946
"2303 Ragunda","2008",2484
"2303 Ragunda","2009",2342
"2303 Ragunda","2010",2364
"2303 Ragunda","2011",2419
"2303 Ragunda","2012",2428
"2303 Ragunda","2013",2475
"2303 Ragunda","2014",2476
"2303 Ragunda","2015",2435
"2303 Ragunda","2016",2460
"2303 Ragunda","2017",2465
"2305 Bräcke","2008",3048
"2305 Bräcke","2009",2876
"2305 Bräcke","2010",2906
"2305 Bräcke","2011",3027
"2305 Bräcke","2012",2969
"2305 Bräcke","2013",3013
"2305 Bräcke","2014",2952
"2305 Bräcke","2015",2926
"2305 Bräcke","2016",2948
"2305 Bräcke","2017",2980
"2309 Krokom","2008",6871
"2309 Krokom","2009",6772
"2309 Krokom","2010",6844
"2309 Krokom","2011",7234
"2309 Krokom","2012",7242
"2309 Krokom","2013",7281
"2309 Krokom","2014",7241
"2309 Krokom","2015",7344
"2309 Krokom","2016",7396
"2309 Krokom","2017",7495
"2313 Strömsund","2008",5510
"2313 Strömsund","2009",5204
"2313 Strömsund","2010",5295
"2313 Strömsund","2011",5611
"2313 Strömsund","2012",5625
"2313 Strömsund","2013",5579
"2313 Strömsund","2014",5522
"2313 Strömsund","2015",5464
"2313 Strömsund","2016",5506
"2313 Strömsund","2017",5523
"2321 Åre","2008",5279
"2321 Åre","2009",5121
"2321 Åre","2010",5235
"2321 Åre","2011",5372
"2321 Åre","2012",5491
"2321 Åre","2013",5460
"2321 Åre","2014",5530
"2321 Åre","2015",5632
"2321 Åre","2016",5936
"2321 Åre","2017",6120
"2326 Berg","2008",3456
"2326 Berg","2009",3295
"2326 Berg","2010",3257
"2326 Berg","2011",3520
"2326 Berg","2012",3495
"2326 Berg","2013",3493
"2326 Berg","2014",3442
"2326 Berg","2015",3419
"2326 Berg","2016",3419
"2326 Berg","2017",3464
"2361 Härjedalen","2008",4958
"2361 Härjedalen","2009",4804
"2361 Härjedalen","2010",4865
"2361 Härjedalen","2011",5023
"2361 Härjedalen","2012",4953
"2361 Härjedalen","2013",4946
"2361 Härjedalen","2014",4973
"2361 Härjedalen","2015",5063
"2361 Härjedalen","2016",5063
"2361 Härjedalen","2017",5067
"2380 Östersund","2008",28985
"2380 Östersund","2009",28209
"2380 Östersund","2010",28703
"2380 Östersund","2011",29312
"2380 Östersund","2012",29459
"2380 Östersund","2013",29834
"2380 Östersund","2014",29982
"2380 Östersund","2015",30525
"2380 Östersund","2016",31087
"2380 Östersund","2017",31597
"2401 Nordmaling","2008",3294
"2401 Nordmaling","2009",3128
"2401 Nordmaling","2010",3183
"2401 Nordmaling","2011",3260
"2401 Nordmaling","2012",3241
"2401 Nordmaling","2013",3242
"2401 Nordmaling","2014",3244
"2401 Nordmaling","2015",3248
"2401 Nordmaling","2016",3259
"2401 Nordmaling","2017",3331
"2403 Bjurholm","2008",1022
"2403 Bjurholm","2009",988
"2403 Bjurholm","2010",1007
"2403 Bjurholm","2011",1057
"2403 Bjurholm","2012",1054
"2403 Bjurholm","2013",1072
"2403 Bjurholm","2014",1102
"2403 Bjurholm","2015",1108
"2403 Bjurholm","2016",1110
"2403 Bjurholm","2017",1138
"2404 Vindeln","2008",2569
"2404 Vindeln","2009",2404
"2404 Vindeln","2010",2474
"2404 Vindeln","2011",2589
"2404 Vindeln","2012",2590
"2404 Vindeln","2013",2589
"2404 Vindeln","2014",2543
"2404 Vindeln","2015",2554
"2404 Vindeln","2016",2551
"2404 Vindeln","2017",2572
"2409 Robertsfors","2008",3294
"2409 Robertsfors","2009",3151
"2409 Robertsfors","2010",3179
"2409 Robertsfors","2011",3353
"2409 Robertsfors","2012",3345
"2409 Robertsfors","2013",3370
"2409 Robertsfors","2014",3368
"2409 Robertsfors","2015",3296
"2409 Robertsfors","2016",3300
"2409 Robertsfors","2017",3326
"2417 Norsjö","2008",1965
"2417 Norsjö","2009",1845
"2417 Norsjö","2010",1878
"2417 Norsjö","2011",1978
"2417 Norsjö","2012",1970
"2417 Norsjö","2013",1937
"2417 Norsjö","2014",1923
"2417 Norsjö","2015",1949
"2417 Norsjö","2016",1918
"2417 Norsjö","2017",1923
"2418 Malå","2008",1516
"2418 Malå","2009",1445
"2418 Malå","2010",1482
"2418 Malå","2011",1553
"2418 Malå","2012",1579
"2418 Malå","2013",1561
"2418 Malå","2014",1548
"2418 Malå","2015",1557
"2418 Malå","2016",1570
"2418 Malå","2017",1553
"2421 Storuman","2008",2758
"2421 Storuman","2009",2655
"2421 Storuman","2010",2692
"2421 Storuman","2011",2792
"2421 Storuman","2012",2798
"2421 Storuman","2013",2818
"2421 Storuman","2014",2817
"2421 Storuman","2015",2780
"2421 Storuman","2016",2798
"2421 Storuman","2017",2818
"2422 Sorsele","2008",1211
"2422 Sorsele","2009",1157
"2422 Sorsele","2010",1211
"2422 Sorsele","2011",1251
"2422 Sorsele","2012",1268
"2422 Sorsele","2013",1255
"2422 Sorsele","2014",1242
"2422 Sorsele","2015",1229
"2422 Sorsele","2016",1266
"2422 Sorsele","2017",1267
"2425 Dorotea","2008",1264
"2425 Dorotea","2009",1222
"2425 Dorotea","2010",1249
"2425 Dorotea","2011",1293
"2425 Dorotea","2012",1269
"2425 Dorotea","2013",1260
"2425 Dorotea","2014",1287
"2425 Dorotea","2015",1228
"2425 Dorotea","2016",1241
"2425 Dorotea","2017",1225
"2460 Vännäs","2008",3985
"2460 Vännäs","2009",3896
"2460 Vännäs","2010",3998
"2460 Vännäs","2011",4086
"2460 Vännäs","2012",4102
"2460 Vännäs","2013",4213
"2460 Vännäs","2014",4202
"2460 Vännäs","2015",4154
"2460 Vännäs","2016",4248
"2460 Vännäs","2017",4292
"2462 Vilhelmina","2008",3134
"2462 Vilhelmina","2009",3016
"2462 Vilhelmina","2010",3042
"2462 Vilhelmina","2011",3165
"2462 Vilhelmina","2012",3123
"2462 Vilhelmina","2013",3129
"2462 Vilhelmina","2014",3163
"2462 Vilhelmina","2015",3146
"2462 Vilhelmina","2016",3121
"2462 Vilhelmina","2017",3149
"2463 Åsele","2008",1290
"2463 Åsele","2009",1220
"2463 Åsele","2010",1245
"2463 Åsele","2011",1280
"2463 Åsele","2012",1258
"2463 Åsele","2013",1247
"2463 Åsele","2014",1239
"2463 Åsele","2015",1221
"2463 Åsele","2016",1223
"2463 Åsele","2017",1197
"2480 Umeå","2008",56202
"2480 Umeå","2009",54455
"2480 Umeå","2010",56428
"2480 Umeå","2011",57683
"2480 Umeå","2012",59116
"2480 Umeå","2013",59842
"2480 Umeå","2014",60257
"2480 Umeå","2015",61385
"2480 Umeå","2016",62961
"2480 Umeå","2017",64040
"2481 Lycksele","2008",5862
"2481 Lycksele","2009",5661
"2481 Lycksele","2010",5760
"2481 Lycksele","2011",6026
"2481 Lycksele","2012",6083
"2481 Lycksele","2013",5983
"2481 Lycksele","2014",5918
"2481 Lycksele","2015",5857
"2481 Lycksele","2016",5898
"2481 Lycksele","2017",5917
"2482 Skellefteå","2008",33912
"2482 Skellefteå","2009",32671
"2482 Skellefteå","2010",33285
"2482 Skellefteå","2011",34521
"2482 Skellefteå","2012",35040
"2482 Skellefteå","2013",35116
"2482 Skellefteå","2014",35008
"2482 Skellefteå","2015",35258
"2482 Skellefteå","2016",35609
"2482 Skellefteå","2017",35884
"2505 Arvidsjaur","2008",3071
"2505 Arvidsjaur","2009",2967
"2505 Arvidsjaur","2010",2978
"2505 Arvidsjaur","2011",3093
"2505 Arvidsjaur","2012",3102
"2505 Arvidsjaur","2013",3090
"2505 Arvidsjaur","2014",3073
"2505 Arvidsjaur","2015",3126
"2505 Arvidsjaur","2016",3151
"2505 Arvidsjaur","2017",3108
"2506 Arjeplog","2008",1468
"2506 Arjeplog","2009",1441
"2506 Arjeplog","2010",1482
"2506 Arjeplog","2011",1551
"2506 Arjeplog","2012",1539
"2506 Arjeplog","2013",1519
"2506 Arjeplog","2014",1485
"2506 Arjeplog","2015",1458
"2506 Arjeplog","2016",1492
"2506 Arjeplog","2017",1452
"2510 Jokkmokk","2008",2503
"2510 Jokkmokk","2009",2403
"2510 Jokkmokk","2010",2427
"2510 Jokkmokk","2011",2511
"2510 Jokkmokk","2012",2522
"2510 Jokkmokk","2013",2591
"2510 Jokkmokk","2014",2579
"2510 Jokkmokk","2015",2579
"2510 Jokkmokk","2016",2605
"2510 Jokkmokk","2017",2589
"2513 Överkalix","2008",1570
"2513 Överkalix","2009",1516
"2513 Överkalix","2010",1520
"2513 Överkalix","2011",1607
"2513 Överkalix","2012",1604
"2513 Överkalix","2013",1634
"2513 Överkalix","2014",1611
"2513 Överkalix","2015",1571
"2513 Överkalix","2016",1580
"2513 Överkalix","2017",1564
"2514 Kalix","2008",7579
"2514 Kalix","2009",7219
"2514 Kalix","2010",7288
"2514 Kalix","2011",7567
"2514 Kalix","2012",7653
"2514 Kalix","2013",7585
"2514 Kalix","2014",7564
"2514 Kalix","2015",7569
"2514 Kalix","2016",7620
"2514 Kalix","2017",7662
"2518 Övertorneå","2008",2014
"2518 Övertorneå","2009",1916
"2518 Övertorneå","2010",1947
"2518 Övertorneå","2011",2094
"2518 Övertorneå","2012",2105
"2518 Övertorneå","2013",2089
"2518 Övertorneå","2014",2052
"2518 Övertorneå","2015",2036
"2518 Övertorneå","2016",2042
"2518 Övertorneå","2017",1986
"2521 Pajala","2008",2620
"2521 Pajala","2009",2453
"2521 Pajala","2010",2568
"2521 Pajala","2011",2758
"2521 Pajala","2012",2824
"2521 Pajala","2013",2911
"2521 Pajala","2014",2947
"2521 Pajala","2015",2777
"2521 Pajala","2016",2718
"2521 Pajala","2017",2667
"2523 Gällivare","2008",9158
"2523 Gällivare","2009",8818
"2523 Gällivare","2010",9109
"2523 Gällivare","2011",9364
"2523 Gällivare","2012",9458
"2523 Gällivare","2013",9620
"2523 Gällivare","2014",9613
"2523 Gällivare","2015",9588
"2523 Gällivare","2016",9489
"2523 Gällivare","2017",9383
"2560 Älvsbyn","2008",3771
"2560 Älvsbyn","2009",3620
"2560 Älvsbyn","2010",3631
"2560 Älvsbyn","2011",3708
"2560 Älvsbyn","2012",3780
"2560 Älvsbyn","2013",3767
"2560 Älvsbyn","2014",3788
"2560 Älvsbyn","2015",3827
"2560 Älvsbyn","2016",3876
"2560 Älvsbyn","2017",3845
"2580 Luleå","2008",35419
"2580 Luleå","2009",34363
"2580 Luleå","2010",35243
"2580 Luleå","2011",36159
"2580 Luleå","2012",37162
"2580 Luleå","2013",37668
"2580 Luleå","2014",37988
"2580 Luleå","2015",38402
"2580 Luleå","2016",39066
"2580 Luleå","2017",39350
"2581 Piteå","2008",19532
"2581 Piteå","2009",18901
"2581 Piteå","2010",19193
"2581 Piteå","2011",19696
"2581 Piteå","2012",20033
"2581 Piteå","2013",20237
"2581 Piteå","2014",20397
"2581 Piteå","2015",20601
"2581 Piteå","2016",20717
"2581 Piteå","2017",20776
"2582 Boden","2008",12838
"2582 Boden","2009",12390
"2582 Boden","2010",12664
"2582 Boden","2011",13081
"2582 Boden","2012",13170
"2582 Boden","2013",13449
"2582 Boden","2014",13593
"2582 Boden","2015",13682
"2582 Boden","2016",13771
"2582 Boden","2017",13908
"2583 Haparanda","2008",3801
"2583 Haparanda","2009",3613
"2583 Haparanda","2010",3657
"2583 Haparanda","2011",3808
"2583 Haparanda","2012",3832
"2583 Haparanda","2013",3860
"2583 Haparanda","2014",3828
"2583 Haparanda","2015",3771
"2583 Haparanda","2016",3814
"2583 Haparanda","2017",3838
"2584 Kiruna","2008",11640
"2584 Kiruna","2009",11190
"2584 Kiruna","2010",11678
"2584 Kiruna","2011",12134
"2584 Kiruna","2012",12397
"2584 Kiruna","2013",12499
"2584 Kiruna","2014",12510
"2584 Kiruna","2015",12480
"2584 Kiruna","2016",12487
"2584 Kiruna","2017",12422
